unique.drugid,CGP.drugid,CCLE.drugid,GSK.drugid,GRAY.drugid,GNE.drugid,CTRP.drugid,CMAP.drugid,CTRPv2.drugid,gCSI.drugid,UHNBreast.drugid,GDSC1000.drugid,smiles,inchikey,cid
(5Z)-7-Oxozeaenol,NA,NA,NA,NA,NA,NA,NA,NA,NA,NA,(5Z)-7-Oxozeaenol,NA,NA,9863776
16-beta-bromoandrosterone,NA,NA,NA,NA,NA,16-beta-bromoandrosterone,NA,16-beta-bromoandrosterone,NA,NA,NA,NA,NA,NA
17-AAG,17-AAG,17-AAG,NA,17-AAG,NA,tanespimycin,tanespimycin,tanespimycin,NA,NA,17-AAG,CC1CC(C(C(C=C(C(C(C=CC=C(C(=O)NC2=CC(=O)C(=C(C1)C2=O)NCC=C)C)OC)OC(=O)N)C)C)O)OC,AYUNIORJHRXIBJ-TXHRRWQRSA-N,6505803
"1S,3R-RSL-3",NA,NA,NA,NA,NA,"1S,3R-RSL-3",NA,"1S,3R-RSL-3",NA,NA,NA,NA,NA,NA
3-Cl-AHPC,NA,NA,NA,NA,NA,NA,NA,3-Cl-AHPC,NA,NA,NA,NA,NA,9866186
5-FdUR,NA,NA,NA,5-FdUR,NA,NA,NA,NA,NA,NA,NA,C1C(C(OC1N2C=C(C(=O)NC2=O)F)CO)O,ODKNJVUHOIMIIZ-RRKCRQDMSA-N,5790
5-FU,NA,NA,NA,5-FU,NA,NA,NA,fluorouracil,NA,NA,5-Fluorouracil,C1=C(C(=O)NC(=O)N1)F,GHASVSINZRGABV-UHFFFAOYSA-N,3385
681640,681640,NA,NA,NA,NA,NA,NA,NA,NA,NA,681640,NA,NA,NA
968,NA,NA,NA,NA,NA,NA,NA,968,NA,NA,NA,NA,NA,NA
A-443654,A-443654,NA,NA,NA,NA,NA,NA,NA,NA,NA,A-443654,CC1=C2C=C(C=CC2=NN1)C3=CC(=CN=C3)OCC(CC4=CNC5=CC=CC=C54)N,YWTBGJGMTBHQTM-IBGZPJMESA-N,10172943
A-770041,A-770041,NA,NA,NA,NA,NA,NA,NA,NA,NA,A-770041,CC(=O)N1CCN(CC1)C2CCC(CC2)N3C4=C(C(=N3)C5=CC(=C(C=C5)NC(=O)C6=CC7=CC=CC=C7N6C)OC)C(=NC=N4)N,ZMNWFTYYYCSSTF-UHFFFAOYSA-N,9549184
A-804598,NA,NA,NA,NA,NA,NA,NA,A-804598,NA,NA,NA,NA,NA,53325874
AA-COCF3,NA,NA,NA,NA,NA,AA-COCF3,arachidonyltrifluoromethane,AA-COCF3,NA,NA,NA,CCCCCC=CCC=CCC=CCC=CCCCC(=O)C(F)(F)F,PLWROONZUDKYKG-DOFZRALJSA-N,5280436
abiraterone,NA,NA,NA,NA,NA,NA,NA,abiraterone,NA,NA,NA,CC12CCC(CC1=CCC3C2CCC4(C3CC=C4C5=CN=CC=C5)C)O,GZOSMCIZMLWJML-VJLLXTKPSA-N,132971
ABT-199,NA,NA,NA,NA,NA,NA,NA,ABT-199,NA,NA,NA,NA,NA,49846579
ABT-263,ABT-263,NA,NA,NA,NA,navitoclax,NA,navitoclax,NA,NA,Navitoclax,CC1(CCC(=C(C1)CN2CCN(CC2)C3=CC=C(C=C3)C(=O)NS(=O)(=O)C4=CC(=C(C=C4)NC(CCN5CCOCC5)CSC6=CC=CC=C6)S(=O)(=O)C(F)(F)F)C7=CC=C(C=C7)Cl)C,JLYAXFNOILIKPP-KXQOOQHDSA-N,24978538
ABT-737,NA,NA,NA,NA,NA,ABT-737,NA,ABT-737,NA,NA,NA,CN(C)CCC(CSC1=CC=CC=C1)NC2=C(C=C(C=C2)S(=O)(=O)NC(=O)C3=CC=C(C=C3)N4CCN(CC4)CC5=CC=CC=C5C6=CC=C(C=C6)Cl)[N+](=O)[O-],HPLNQCPCUACXLM-PGUFJCEWSA-N,11228183
ABT-888,ABT-888,NA,NA,NA,NA,veliparib,NA,veliparib,NA,NA,Veliparib,CC1(CCCN1)C2=NC3=C(C=CC=C3N2)C(=O)N,JNAHVYVRKWKWKQ-CYBMUJFWSA-N,11960529
AC220,NA,NA,NA,NA,NA,NA,NA,NA,NA,NA,AC220,NA,NA,24889392
AC55649,NA,NA,NA,NA,NA,AC55649,NA,AC55649,NA,NA,NA,CCCCCCCCC1=CC=C(C=C1)C2=CC=C(C=C2)C(=O)O,HXBKPYIEQLLNBK-UHFFFAOYSA-N,1714884
AEW541,NA,AEW541,NA,NA,NA,NA,NA,NA,NA,NA,NA,C1CN(C1)CC2CC(C2)N3C=C(C4=C3N=CN=C4N)C5=CC(=CC=C5)OCC6=CC=CC=C6,AECDBHGVIIRMOI-UHFFFAOYSA-N,11476171
AG-014699,AG-014699,NA,NA,NA,NA,NA,NA,NA,NA,NA,AG-014699,CNCC1=CC=C(C=C1)C2=C3CCNC(=O)C4=CC(=CC(=C34)N2)F.OP(=O)(O)O,FCCGJTKEKXUBFZ-UHFFFAOYSA-N,9931953
AG1478,NA,NA,NA,AG1478,NA,tyrphostin AG-1478,tyrphostin AG-1478,NA,NA,NA,NA,COC1=C(C=C2C(=C1)C(=NC=N2)NC3=CC(=CC=C3)Cl)OC,GFNNBHLJANVSQV-UHFFFAOYSA-N,2051
AGK-2,NA,NA,NA,NA,NA,AGK-2,NA,AGK-2,NA,NA,NA,C1=CC2=C(C=CC=N2)C(=C1)NC(=O)C(=CC3=CC=C(O3)C4=C(C=CC(=C4)Cl)Cl)C#N,SVENPFFEMUOOGK-SDNWHVSQSA-N,2130404
AICAR,AICAR,NA,NA,NA,NA,NA,NA,NA,NA,NA,AICAR,C1=NC(=C(N1C2C(C(C(O2)CO)O)O)N)C(=O)N,RTRQQBHATOEIAF-UUOKFMHZSA-N,17513
AKT inhibitor VIII,AKT inhibitor VIII,NA,NA,NA,NA,NA,NA,NA,NA,NA,AKT inhibitor VIII,NA,NA,10196499
alisertib,NA,NA,NA,NA,NA,NA,NA,alisertib,NA,NA,NA,COc1cc(Nc2ncc3CN=C(c4cc(Cl)ccc4-c3n2)c2c(F)cccc2OC)ccc1C(O)=O,NA,24771867
alisertib:navitoclax (2:1 mol/mol),NA,NA,NA,NA,NA,NA,NA,alisertib:navitoclax (2:1 mol/mol),NA,NA,NA,NA,NA,NA
alvocidib,NA,NA,NA,NA,NA,NA,NA,alvocidib,NA,NA,NA,CN1CC[C@@H]([C@H](O)C1)c1c(O)cc(O)c2c1oc(cc2=O)-c1ccccc1Cl,NA,5287969
AM-580,NA,NA,NA,NA,NA,AM-580,NA,AM-580,NA,NA,NA,CC1(CCC(C2=C1C=CC(=C2)C(=O)NC3=CC=C(C=C3)C(=O)O)(C)C)C,SZWKGOZKRMMLAJ-UHFFFAOYSA-N,2126
AMG-706,AMG-706,NA,NA,NA,NA,NA,NA,NA,NA,NA,AMG-706,CC1(CNC2=C1C=CC(=C2)NC(=O)C3=C(N=CC=C3)NCC4=CC=NC=C4)C,RAHBGWKEPAQNFF-UHFFFAOYSA-N,11667893
AP-24534,AP-24534,NA,NA,NA,NA,NA,NA,NA,NA,NA,AP-24534,CC1=C(C=C(C=C1)C(=O)NC2=CC(=C(C=C2)CN3CCN(CC3)C)C(F)(F)F)C#CC4=CN=C5N4N=CC=C5,PHXJVRSECIGDHY-UHFFFAOYSA-N,24826799
apicidin,NA,NA,NA,NA,NA,NA,NA,apicidin,NA,NA,NA,-666,NA,6918328
AR-42,NA,NA,NA,NA,NA,NA,NA,NA,NA,NA,AR-42,NA,NA,6918848
AS-252424,NA,NA,NA,AS-252424,NA,NA,NA,NA,NA,NA,NA,C1=CC(=C(C=C1F)O)C2=CC=C(O2)C=C3C(=O)NC(=O)S3,OYYVWNDMOQPMGE-SDQBBNPISA-N,11630874
AS601245,AS601245,NA,NA,NA,NA,NA,NA,NA,NA,NA,AS601245,C1=CC=C2C(=C1)NC(=C(C#N)C3=NC(=NC=C3)NCCC4=CN=CC=C4)S2,AVLYNJZZQYEFEA-XDJHFCHBSA-N,11422035
AS605240,NA,NA,NA,NA,NA,NA,NA,NA,NA,NA,AS605240,O=C1NC(=O)\C(S1)=C/c1ccc2nccnc2c1,NA,5289247
AT-406,NA,NA,NA,NA,NA,NA,NA,AT-406,NA,NA,NA,NA,NA,25022340
AT-7519,NA,NA,NA,NA,NA,NA,NA,NA,NA,NA,AT-7519,Clc1cccc(Cl)c1C(=O)Nc1c[nH]nc1C(=O)NC1CCNCC1,NA,11338033
AT13387,NA,NA,NA,NA,NA,NA,NA,AT13387,NA,NA,NA,NA,NA,11955716
AT7867,NA,NA,NA,NA,NA,NA,NA,AT7867,NA,NA,NA,Clc1ccc(cc1)C1(CCNCC1)c1ccc(cc1)-c1cn[nH]c1,NA,11175137
ATRA,ATRA,NA,NA,NA,NA,ATRA,tretinoin,tretinoin,NA,NA,ATRA,CC1=C(C(CCC1)(C)C)C=CC(=CC=CC(=CC(=O)O)C)C,SHGAZHPCJJPHSC-YCNIQYBTSA-N,444795
austocystin d,NA,NA,NA,NA,NA,NA,NA,austocystin D,NA,NA,NA,CC(C)(CCC1=C2C(=C(C=C1)O)C(=O)C3=C(C4=C(C=C3O2)OC5C4(C=CO5)O)O)O,VXTQFTUOAJRUDO-IFMALSPDSA-N,5470400
AUY922,AUY922,NA,NA,NA,NA,NA,NA,NA,NA,NA,AUY922,CCNC(=O)C1=C(C(=C2C=C(C(=CC2=O)O)C(C)C)ON1)C3=CC=C(C=C3)CN4CCOCC4,SWDZPNJZKUGIIH-QQTULTPQSA-N,10096043
avicin D,NA,NA,NA,NA,NA,NA,NA,avicin D,NA,NA,NA,CC1O[C@@H](OCC2O[C@@H](O[C@H]3CC[C@@]4(C)C(CC[C@]5(C)C4CC=C4C6CC(C)(C)[C@H](C[C@@]6([C@H](O)C[C@@]54C)C(=O)O[C@@H]4OC(CO)[C@@H](O)[C@@H](O)[C@@H]4O[C@@H]4OC(C)[C@H](O[C@@H]5O[C@@H](CO)[C@H](O)[C@@H]5O)[C@@H](O[C@@H]5OC(CO)[C@@H](O)[C@@H](O)[C@@H]5O)[C@@H]4O)OC(=O)C(\CO)=C\CC[C@](C)(O[C@@H]4OC(C)[C@@H](OC(=O)C(\CO)=C\CCC(C)(O)C=C)[C@@H](O)[C@@H]4O)C=C)C3(C)C)[C@@H](NC(C)=O)[C@H](O)[C@@H]2O)[C@@H](O[C@@H]2OC[C@@H](O)[C@@H](O)[C@@H]2O)[C@H](O)[C@H]1O,NA,44566777
avrainvillamide,NA,NA,NA,NA,NA,avrainvillamide,NA,avrainvillamide,NA,NA,NA,CC1(C=CC2=C(O1)C=CC3=C2[N+](=C4C3=CC56C(C4(C)C)CC7(CCCN7C5=O)C(=O)N6)[O-])C,ALXLLOQTGLPCFG-ATANMQQVSA-N,11719255
Axitinib,Axitinib,NA,NA,NA,NA,NA,NA,axitinib,NA,NA,Axitinib,CNC(=O)C1=CC=CC=C1SC2=CC3=C(C=C2)C(=NN3)C=CC4=CC=CC=N4,RITAVMQDGBJQJZ-FMIVXFBMSA-N,6450551
AZ-3146,NA,NA,NA,NA,NA,NA,NA,AZ-3146,NA,NA,NA,NA,NA,56973724
AZ628,AZ628,NA,NA,NA,NA,NA,NA,NA,NA,NA,AZ628,CC1=C(C=C(C=C1)NC(=O)C2=CC(=CC=C2)C(C)(C)C#N)NC3=CC4=C(C=C3)N=CN(C4=O)C,ZGBGPEDJXCYQPH-UHFFFAOYSA-N,11676786
azacitidine,NA,NA,NA,NA,NA,NA,azacitidine,azacitidine,NA,NA,NA,Nc1ncn([C@@H]2O[C@H](CO)[C@@H](O)[C@H]2O)c(=O)n1,NMUSYJAQQFHJEW-KVTDHHQDSA-N,9444
AZD-2281,AZD-2281,NA,NA,NA,NA,olaparib,NA,olaparib,NA,NA,Olaparib,C1CC1C(=O)N2CCN(CC2)C(=O)C3=C(C=CC(=C3)CC4=NNC(=O)C5=CC=CC=C54)F,FDLYAMZZIXQODN-UHFFFAOYSA-N,23725625
AZD-7545,NA,NA,NA,NA,NA,AZD-7545,NA,AZD7545,NA,NA,NA,CC(C(=O)NC1=C(C=C(C=C1)S(=O)(=O)C2=CC=C(C=C2)C(=O)N(C)C)Cl)(C(F)(F)F)O,DTDZLJHKVNTQGZ-GOSISDBHSA-N,16741245
AZD0530,AZD-0530,AZD0530,NA,NA,NA,NA,NA,saracatinib,NA,NA,Saracatinib,CN1CCN(CC1)CCOC2=CC(=C3C(=C2)N=CN=C3NC4=C(C=CC5=C4OCO5)Cl)OC6CCOCC6,OUKYUETWWIPKQR-UHFFFAOYSA-N,10302451
AZD1480,NA,NA,NA,NA,NA,NA,NA,AZD1480,NA,NA,NA,CC(Nc1ncc(Cl)c(Nc2cc(C)[nH]n2)n1)c1ncc(F)cn1,NA,16659841
AZD4547,NA,NA,NA,NA,NA,NA,NA,AZD4547,NA,NA,NA,NA,NA,51039095
AZD6244,AZD6244,AZD6244,NA,AZD6244,NA,selumetinib,NA,selumetinib,NA,AZD6244,selumetinib,CN1C=NC2=C1C=C(C(=C2F)NC3=C(C=C(C=C3)Br)Cl)C(=O)NOCCO,CYOHGALHFOKKQC-UHFFFAOYSA-N,10127622
AZD6482,AZD6482,NA,NA,NA,NA,NA,NA,AZD6482,NA,NA,AZD6482,CC1=CN2C(=O)C=C(N=C2C(=C1)C(C)NC3=CC=CC=C3C(=O)O)N4CCOCC4,IRTDIKMSKMREGO-OAHLLOKOSA-N,44137675
AZD7762,AZD7762,NA,NA,NA,NA,NA,NA,AZD7762,NA,NA,AZD7762,C1CC(CNC1)NC(=O)C2=C(C=C(S2)C3=CC(=CC=C3)F)NC(=O)N,IAYGCINLNONXHY-LBPRGKRZSA-N,11152667
AZD8055,AZD8055,NA,NA,NA,NA,NA,NA,AZD8055,NA,NA,AZD8055,CC1COCCN1C2=NC(=NC3=C2C=CC(=N3)C4=CC(=C(C=C4)OC)CO)N5CCOCC5C,KVLFRAWTRWDEDF-IRXDYDNUSA-N,25262965
B02,NA,NA,NA,NA,NA,B02,NA,B02,NA,NA,NA,CC1=CC=CC(=C1)C2=CC=C(C=C2)C3CC3C4=CC(=O)N(C(=N4)N)C,STUBOTPNCNDBOA-ROUUACIJSA-N,66545744
bafilomycin A1,NA,NA,NA,NA,NA,NA,NA,bafilomycin A1,NA,NA,NA,NA,NA,6436223
Baicalein,NA,NA,NA,Baicalein,NA,NA,NA,NA,NA,NA,NA,C1=CC=C(C=C1)C2=CC(=O)C3=C(C(=C(C=C3O2)O)O)O,FXNFHKRTJBSTCS-UHFFFAOYSA-N,5281605
barasertib,NA,NA,NA,NA,NA,NA,NA,barasertib,NA,NA,NA,CCN(CCO)CCCOc1ccc2c(Nc3cc(CC(=O)Nc4cccc(F)c4)[nH]n3)ncnc2c1,NA,11497983
bardoxolone methyl,NA,NA,NA,NA,NA,NA,NA,bardoxolone methyl,NA,NA,NA,CC1(CCC2(CCC3(C(C2C1)C(=O)C=C4C3(CCC5C4(C=C(C(=O)C5(C)C)C#N)C)C)C)C(=O)OC)C,WPTTVJLTNAWYAO-KPOXMGGZSA-N,400769
Bax channel blocker,NA,NA,NA,NA,NA,Bax channel blocker,NA,Bax channel blocker,NA,NA,NA,OC(CN1CCNCC1)Cn2c3ccc(Br)cc3c4cc(Br)ccc24,NA,2729026
BAY 61-3606,BAY 61-3606,NA,NA,NA,NA,NA,NA,NA,NA,NA,BAY 61-3606,NA,NA,10200390
BCL-LZH-4,NA,NA,NA,NA,NA,NA,NA,BCL-LZH-4,NA,NA,NA,NA,NA,NA
BEC,NA,NA,NA,NA,NA,BEC,NA,BEC,NA,NA,NA,CC1=C(C(C(=C(N1)C)C(=O)OCC(=O)C)C2=CC=CC=C2[N+](=O)[O-])C(=O)OC,NCUCGYYHUFIYNU-UHFFFAOYSA-N,2225
belinostat,NA,NA,NA,NA,NA,NA,NA,belinostat,NA,NA,Belinostat,C1=CC=C(C=C1)NS(=O)(=O)C2=CC=CC(=C2)C=CC(=O)NO,NCNRHFGMJRPRSK-MDZDMXLPSA-N,6918638
bendamustine,NA,NA,NA,NA,NA,NA,NA,bendamustine,NA,NA,NA,NA,NA,65628
betulinic acid,NA,NA,NA,NA,NA,NA,betulinic acid,betulinic acid,NA,NA,NA,CC(=C)[C@@H]1CC[C@@]2(CC[C@]3(C)[C@H](CC[C@@H]4[C@@]5(C)CC[C@H](O)C(C)(C)[C@@H]5CC[C@]43C)[C@@H]12)C(=O)O,QGJZLNKBHJESQX-FZFNOLFKSA-N,64971
Bexarotene,Bexarotene,NA,NA,NA,NA,NA,NA,bexarotene,NA,NA,Bexarotene,CC1=CC2=C(C=C1C(=C)C3=CC=C(C=C3)C(=O)O)C(CCC2(C)C)(C)C,NAVMQTYZDKMPEU-UHFFFAOYSA-N,82146
BHG712,NA,NA,NA,NA,NA,NA,NA,NA,NA,NA,BHG712,NA,NA,NA
BI-2536,BI-2536,NA,NA,NA,NA,BI-2536,NA,BI-2536,NA,NA,BI-2536,CCC1C(=O)N(C2=CN=C(N=C2N1C3CCCC3)NC4=C(C=C(C=C4)C(=O)NC5CCN(CC5)C)OC)C,XQVVPGYIWAGRNI-JOCHJYFZSA-N,11364421
BIBR-1532,NA,NA,NA,NA,NA,BIBR-1532,NA,BIBR-1532,NA,NA,NA,CC(=CC(=O)NC1=CC=CC=C1C(=O)O)C2=CC3=CC=CC=C3C=C2,PGFQXGLPJUCTOI-WYMLVPIESA-N,9927531
BIBW2992,BIBW2992,NA,NA,BIBW2992,NA,NA,NA,afatinib,NA,NA,Afatinib,CN(C)CC=CC(=O)NC1=C(C=C2C(=C1)C(=NC=N2)NC3=CC(=C(C=C3)F)Cl)OC4CCOC4,ULXXDDBFHOBEHA-CWDCEQMOSA-N,10184653
Bicalutamide,Bicalutamide,NA,NA,NA,NA,NA,NA,NA,NA,NA,Bicalutamide,CC(CS(=O)(=O)C1=CC=C(C=C1)F)(C(=O)NC2=CC(=C(C=C2)C#N)C(F)(F)F)O,LKJPYSCBVHEWIU-UHFFFAOYSA-N,2375
bid1870,NA,NA,NA,NA,NA,NA,NA,NA,bid1870,NA,NA,NA,NA,NA
BIRB 0796,BIRB 0796,NA,NA,NA,NA,NA,NA,BIRB-796,NA,NA,BIRB 0796,NA,NA,NA
birinapant,NA,NA,NA,NA,NA,NA,NA,birinapant,NA,NA,NA,NA,NA,49836020
BIX-01294,NA,NA,NA,NA,NA,BIX-01294,NA,BIX-01294,NA,NA,NA,CN1CCCN(CC1)C2=NC3=CC(=C(C=C3C(=N2)NC4CCN(CC4)CC5=CC=CC=C5)OC)OC,OSXFATOLZGZLSK-UHFFFAOYSA-N,25150857
BIX02189,NA,NA,NA,NA,NA,NA,NA,NA,NA,NA,BIX02189,CN(C)Cc1cccc(N\C(c2ccccc2)=C2/C(=O)Nc3cc(ccc23)C(=O)N(C)C)c1,NA,46931012
blebbistatin,NA,NA,NA,NA,NA,blebbistatin,blebbistatin,blebbistatin,NA,NA,NA,CC1=CC2=C(C=C1)N=C3C(C2=O)(CCN3C4=CC=CC=C4)O,LZAXPYOBKSJSEX-UHFFFAOYSA-N,3476986
Bleomycin,Bleomycin,NA,NA,NA,NA,NA,NA,bleomycin A2,NA,NA,Bleomycin///Bleomycin (50 uM),CC1=C(N=C(N=C1N)C(CC(=O)N)NCC(C(=O)N)N)C(=O)NC(C(C2=CN=CN2)OC3C(C(C(C(O3)CO)O)O)OC4C(C(C(C(O4)CO)O)OC(=O)N)O)C(=O)NC(C)C(C(C)C(=O)NC(C(C)O)C(=O)NCCC5=NC(=CS5)C6=NC(=CS6)C(=O)NCCC[S+](C)C)O.OS(=O)(=O)[O-],WUIABRMSWOKTOF-NUAMMRKQSA-N,54608728
BMS-195614,NA,NA,NA,NA,NA,NA,NA,BMS-195614,NA,NA,NA,NA,NA,445091
BMS-270394,NA,NA,NA,NA,NA,NA,NA,BMS-270394,NA,NA,NA,NA,NA,445455
BMS-345541,NA,NA,NA,NA,NA,NA,NA,BMS-345541,NA,NA,BMS345541,Cc1cnc2c(NCCN)nc3ccc(C)cc3n12,NA,9926054
BMS-509744,BMS-509744,NA,NA,NA,NA,NA,NA,NA,NA,NA,BMS-509744,CC1=C(C=C(C(=C1)OC)C(=O)N2CCN(CC2)C(=O)C)SC3=CN=C(S3)NC(=O)C4=CC=C(C=C4)CNC(C)C(C)(C)C,ZHXNIYGJAOPMSO-UHFFFAOYSA-N,11467730
BMS-536924,BMS-536924,NA,NA,NA,NA,BMS-536924,NA,BMS-536924,NA,NA,BMS-536924,CC1=CC(=CC2=C1NC(=C3C(=CC=NC3=O)NCC(C4=CC(=CC=C4)Cl)O)N2)N5CCOCC5,UGQMURPIMYALPH-PZJQAWQVSA-N,10390396
BMS-708163,BMS-708163,NA,NA,NA,NA,NA,NA,NA,NA,NA,BMS-708163,C1=CC(=CC=C1S(=O)(=O)N(CC2=C(C=C(C=C2)C3=NOC=N3)F)C(CCC(F)(F)F)C(=O)N)Cl,XEAOPVUAMONVLA-QGZVFWFLSA-N,46883536
BMS-754807,BMS-754807,NA,NA,NA,NA,BMS-754807,NA,BMS-754807,NA,NA,BMS-754807,CC1(CCCN1C2=NN3C=CC=C3C(=N2)NC4=NNC(=C4)C5CC5)C(=O)NC6=CN=C(C=C6)F,LQVXSNNAFNGRAH-QHCPKHFHSA-N,24785538
Bortezomib,Bortezomib,NA,NA,Bortezomib,NA,bortezomib,NA,bortezomib,bortezomib,NA,Bortezomib,B(C(CC(C)C)NC(=O)C(CC1=CC=CC=C1)NC(=O)C2=NC=CN=C2)(O)O,GXJABQQUPOEUTA-RDJZCZTQSA-N,387447
Bosutinib,Bosutinib,NA,NA,Bosutinib,NA,NA,NA,bosutinib,NA,NA,Bosutinib,CN1CCN(CC1)CCCOC2=C(C=C3C(=C2)N=CC(=C3NC4=CC(=C(C=C4Cl)Cl)OC)C#N)OC,UBPYILGKFZZVDX-UHFFFAOYSA-N,5328940
BRD-A02303741,NA,NA,NA,NA,NA,NA,NA,BRD-A02303741,NA,NA,NA,NA,NA,NA
BRD-A02303741:carboplatin (1:1 mol/mol),NA,NA,NA,NA,NA,NA,NA,BRD-A02303741:carboplatin (1:1 mol/mol),NA,NA,NA,NA,NA,NA
BRD-A02303741:navitoclax (2:1 mol/mol),NA,NA,NA,NA,NA,NA,NA,BRD-A02303741:navitoclax (2:1 mol/mol),NA,NA,NA,NA,NA,NA
BRD-A05715709,NA,NA,NA,NA,NA,NA,NA,BRD-A05715709,NA,NA,NA,NA,NA,NA
BRD-A71883111,NA,NA,NA,NA,NA,NA,NA,BRD-A71883111,NA,NA,NA,NA,NA,NA
BRD-A86708339,NA,NA,NA,NA,NA,NA,NA,BRD-A86708339,NA,NA,NA,NA,NA,NA
BRD-A94377914,NA,NA,NA,NA,NA,NA,NA,BRD-A94377914,NA,NA,NA,NA,NA,NA
BRD-K01737880,NA,NA,NA,NA,NA,NA,NA,BRD-K01737880,NA,NA,NA,COc1ccc(NC(=O)Nc2ccc3O[C@@H](CN(C)Cc4ccc5OCOc5c4)[C@@H](C)CN([C@@H](C)CO)C(=O)c3c2)cc1,NA,NA
BRD-K02251932,NA,NA,NA,NA,NA,NA,NA,BRD-K02251932,NA,NA,NA,NA,NA,NA
BRD-K02492147,NA,NA,NA,NA,NA,NA,NA,BRD-K02492147,NA,NA,NA,CN1CCN(CC1)C(=O)C[C@@H]1O[C@H](CO)[C@@H](NS(=O)(=O)c2cccc(F)c2)C=C1,NA,NA
BRD-K03536150,NA,NA,NA,NA,NA,NA,NA,BRD-K03536150,NA,NA,NA,NA,NA,NA
BRD-K03911514,NA,NA,NA,NA,NA,NA,NA,BRD-K03911514,NA,NA,NA,NA,NA,NA
BRD-K04800985,NA,NA,NA,NA,NA,NA,NA,BRD-K04800985,NA,NA,NA,NA,NA,NA
BRD-K07442505,NA,NA,NA,NA,NA,NA,NA,BRD-K07442505,NA,NA,NA,NA,NA,NA
BRD-K09344309,NA,NA,NA,NA,NA,NA,NA,BRD-K09344309,NA,NA,NA,NA,NA,NA
BRD-K09587429,NA,NA,NA,NA,NA,NA,NA,BRD-K09587429,NA,NA,NA,NA,NA,NA
BRD-K11533227,NA,NA,NA,NA,NA,NA,NA,BRD-K11533227,NA,NA,NA,-666,NA,NA
BRD-K13185470,NA,NA,NA,NA,NA,NA,NA,BRD-K13185470,NA,NA,NA,NA,NA,NA
BRD-K13999467,NA,NA,NA,NA,NA,NA,NA,BRD-K13999467,NA,NA,NA,C[C@@H](CO)N1C[C@H](C)[C@H](CN(C)C(=O)Cc2ccncc2)Oc3cc(C#Cc4ccccc4F)ccc3S1(=O)=O,NA,NA
BRD-K14844214,NA,NA,NA,NA,NA,NA,NA,BRD-K14844214,NA,NA,NA,CC(C)CC#Cc1ccc2c(O[C@@H](CN(C)C(=O)c3cnccn3)[C@H](C)CN([C@H](C)CO)S2(=O)=O)c1,NA,NA
BRD-K16130065,NA,NA,NA,NA,NA,NA,NA,BRD-K16130065,NA,NA,NA,NA,NA,NA
BRD-K16147474,NA,NA,NA,NA,NA,NA,NA,BRD-K16147474,NA,NA,NA,NA,NA,NA
BRD-K17060750,NA,NA,NA,NA,NA,NA,NA,BRD-K17060750,NA,NA,NA,NA,NA,NA
BRD-K19103580,NA,NA,NA,NA,NA,NA,NA,BRD-K19103580,NA,NA,NA,NA,NA,NA
BRD-K20514654,NA,NA,NA,NA,NA,NA,NA,BRD-K20514654,NA,NA,NA,NA,NA,NA
BRD-K24690302,NA,NA,NA,NA,NA,NA,NA,BRD-K24690302,NA,NA,NA,NA,NA,NA
BRD-K26531177,NA,NA,NA,NA,NA,NA,NA,BRD-K26531177,NA,NA,NA,NA,NA,NA
BRD-K27188169,NA,NA,NA,NA,NA,NA,NA,BRD-K27188169,NA,NA,NA,NA,NA,NA
BRD-K27188169:navitoclax (2:1 mol/mol),NA,NA,NA,NA,NA,NA,NA,BRD-K27188169:navitoclax (2:1 mol/mol),NA,NA,NA,NA,NA,NA
BRD-K27224038,NA,NA,NA,NA,NA,NA,NA,BRD-K27224038,NA,NA,NA,C[C@@H](CO)N1C[C@H](C)[C@@H](CN(C)C(=O)C2CCOCC2)Oc3ncc(C#CC4(O)CCCC4)cc3C1=O,NA,NA
BRD-K27986637,NA,NA,NA,NA,NA,NA,NA,BRD-K27986637,NA,NA,NA,C[C@H](CO)N1C[C@H](C)[C@H](CN(C)Cc2ccc3OCCOc3c2)OCc4cn(CCCC1=O)nn4,NA,NA
BRD-K28456706,NA,NA,NA,NA,NA,NA,NA,BRD-K28456706,NA,NA,NA,NA,NA,NA
BRD-K29086754,NA,NA,NA,NA,NA,NA,NA,BRD-K29086754,NA,NA,NA,NA,NA,NA
BRD-K29313308,NA,NA,NA,NA,NA,NA,NA,BRD-K29313308,NA,NA,NA,NA,NA,NA
BRD-K30019337,NA,NA,NA,NA,NA,NA,NA,BRD-K30019337,NA,NA,NA,NA,NA,NA
BRD-K30748066,NA,NA,NA,NA,NA,NA,NA,BRD-K30748066,NA,NA,NA,NA,NA,NA
BRD-K33199242,NA,NA,NA,NA,NA,NA,NA,BRD-K33199242,NA,NA,NA,NA,NA,NA
BRD-K33514849,NA,NA,NA,NA,NA,NA,NA,BRD-K33514849,NA,NA,NA,C[C@H](CO)N1C[C@@H](C)[C@H](CN(C)C(=O)Nc2ccc3OCOc3c2)Oc4cc(C#Cc5ccncc5)ccc4S1(=O)=O,NA,NA
BRD-K34099515,NA,NA,NA,NA,NA,NA,NA,BRD-K34099515,NA,NA,NA,NA,NA,NA
BRD-K34222889,NA,NA,NA,NA,NA,NA,NA,BRD-K34222889,NA,NA,NA,NA,NA,NA
BRD-K34485477,NA,NA,NA,NA,NA,NA,NA,BRD-K34485477,NA,NA,NA,NA,NA,NA
BRD-K35604418,NA,NA,NA,NA,NA,NA,NA,BRD-K35604418,NA,NA,NA,NA,NA,NA
BRD-K37390332,NA,NA,NA,NA,NA,NA,NA,BRD-K37390332,NA,NA,NA,NA,NA,NA
BRD-K41334119,NA,NA,NA,NA,NA,NA,NA,BRD-K41334119,NA,NA,NA,NA,NA,NA
BRD-K41597374,NA,NA,NA,NA,NA,NA,NA,BRD-K41597374,NA,NA,NA,NA,NA,NA
BRD-K42260513,NA,NA,NA,NA,NA,NA,NA,BRD-K42260513,NA,NA,NA,NA,NA,NA
BRD-K44224150,NA,NA,NA,NA,NA,NA,NA,BRD-K44224150,NA,NA,NA,NA,NA,NA
BRD-K45681478,NA,NA,NA,NA,NA,NA,NA,BRD-K45681478,NA,NA,NA,NA,NA,NA
BRD-K48334597,NA,NA,NA,NA,NA,NA,NA,BRD-K48334597,NA,NA,NA,NA,NA,NA
BRD-K48477130,NA,NA,NA,NA,NA,NA,NA,BRD-K48477130,NA,NA,NA,NA,NA,NA
BRD-K49290616,NA,NA,NA,NA,NA,NA,NA,BRD-K49290616,NA,NA,NA,OC[C@@H]1O[C@@H](CC(=O)NCc2ccncn2)CC[C@H]1NC(=O)c1ccc(F)cc1,NA,NA
BRD-K50799972,NA,NA,NA,NA,NA,NA,NA,BRD-K50799972,NA,NA,NA,COc1ccccc1-c1cccc(c1)-c1nc(cc2CN([C@@H](CCO)c12)[S@@](=O)C(C)(C)C)C(=O)NCc1ccncc1,NA,NA
BRD-K51490254,NA,NA,NA,NA,NA,NA,NA,BRD-K51490254,NA,NA,NA,-666,NA,NA
BRD-K51831558,NA,NA,NA,NA,NA,NA,NA,BRD-K51831558,NA,NA,NA,NA,NA,NA
BRD-K52037352,NA,NA,NA,NA,NA,NA,NA,BRD-K52037352,NA,NA,NA,NA,NA,NA
BRD-K55116708,NA,NA,NA,NA,NA,NA,NA,BRD-K55116708,NA,NA,NA,C[C@@H](CO)N1C[C@@H](C)[C@@H](CN(C)Cc2ccc(cc2)C(=O)Nc3ccccc3N)Oc4c(NC(=O)Nc5ccccc5)cccc4C1=O,NA,NA
BRD-K55473186,NA,NA,NA,NA,NA,NA,NA,BRD-K55473186,NA,NA,NA,NA,NA,NA
BRD-K58730230,NA,NA,NA,NA,NA,NA,NA,BRD-K58730230,NA,NA,NA,NA,NA,NA
BRD-K61166597,NA,NA,NA,NA,NA,NA,NA,BRD-K61166597,NA,NA,NA,NA,NA,NA
BRD-K63431240,NA,NA,NA,NA,NA,NA,NA,BRD-K63431240,NA,NA,NA,C[C@@H](CO)N1C[C@H](C)[C@@H](CN(C)C(=O)Nc2ccc3OCOc3c2)Oc4cc(C#Cc5ccncc5)ccc4S1(=O)=O,NA,NA
BRD-K64610608,NA,NA,NA,NA,NA,NA,NA,BRD-K64610608,NA,NA,NA,NA,NA,NA
BRD-K66453893,NA,NA,NA,NA,NA,NA,NA,BRD-K66453893,NA,NA,NA,NA,NA,NA
BRD-K66532283,NA,NA,NA,NA,NA,NA,NA,BRD-K66532283,NA,NA,NA,NA,NA,NA
BRD-K70511574,NA,NA,NA,NA,NA,NA,NA,BRD-K70511574,NA,NA,NA,NA,NA,NA
BRD-K71781559,NA,NA,NA,NA,NA,NA,NA,BRD-K71781559,NA,NA,NA,NA,NA,NA
BRD-K71935468,NA,NA,NA,NA,NA,NA,NA,BRD-K71935468,NA,NA,NA,COC(=O)C(CC#Cc1ccc2NC(=O)[C@@]3([C@H]([C@H]4N([C@H]3c5ccccc5OCCO)[C@@H]([C@@H](OC4=O)c6ccccc6)c7ccccc7)C(=O)N8CCN(CC8)c9ncccn9)c2c1)C(=O)OC,NA,NA
BRD-K75293299,NA,NA,NA,NA,NA,NA,NA,BRD-K75293299,NA,NA,NA,NA,NA,NA
BRD-K78574327,NA,NA,NA,NA,NA,NA,NA,BRD-K78574327,NA,NA,NA,NA,NA,NA
BRD-K79669418,NA,NA,NA,NA,NA,NA,NA,BRD-K79669418,NA,NA,NA,NA,NA,NA
BRD-K80183349,NA,NA,NA,NA,NA,NA,NA,BRD-K80183349,NA,NA,NA,NA,NA,NA
BRD-K84807411,NA,NA,NA,NA,NA,NA,NA,BRD-K84807411,NA,NA,NA,NA,NA,NA
BRD-K85133207,NA,NA,NA,NA,NA,NA,NA,BRD-K85133207,NA,NA,NA,NA,NA,NA
BRD-K86535717,NA,NA,NA,NA,NA,NA,NA,BRD-K86535717,NA,NA,NA,CO[C@@H]1CC[C@H]2CCN(C)C(=O)[C@@H](C)[C@H](CN(C)C(=O)c3cccc(C#N)c3OC[C@H]1O2)OC,NA,NA
BRD-K88742110,NA,NA,NA,NA,NA,NA,NA,BRD-K88742110,NA,NA,NA,COc1ccc(Cn2ccc3ccc(cc23)C(=O)NO)cc1,NA,NA
BRD-K90370028,NA,NA,NA,NA,NA,NA,NA,BRD-K90370028,NA,NA,NA,NA,NA,NA
BRD-K92856060,NA,NA,NA,NA,NA,NA,NA,BRD-K92856060,NA,NA,NA,NA,NA,NA
BRD-K94991378,NA,NA,NA,NA,NA,NA,NA,BRD-K94991378,NA,NA,NA,COCCOC(=O)N1C(=O)[C@]2([C@@H]([C@@H]3N([C@@H]2c4ccccc4OCCO)[C@H]([C@H](OC3=O)c5ccccc5)c6ccccc6)C(=O)NCC=C)c7cc(C#CCC(C(=O)OC)C(=O)OC)ccc17,NA,NA
BRD-K96431673,NA,NA,NA,NA,NA,NA,NA,BRD-K96431673,NA,NA,NA,CN1CCN(CC1)C(=O)C[C@H]1CC[C@H](NC(=O)c2ccc3OCOc3c2)[C@@H](CO)O1,NA,NA
BRD-K96970199,NA,NA,NA,NA,NA,NA,NA,BRD-K96970199,NA,NA,NA,NA,NA,NA
BRD-K97651142,NA,NA,NA,NA,NA,NA,NA,BRD-K97651142,NA,NA,NA,NA,NA,NA
BRD-K99006945,NA,NA,NA,NA,NA,NA,NA,BRD-K99006945,NA,NA,NA,NA,NA,NA
BRD-K99584050,NA,NA,NA,NA,NA,NA,NA,BRD-K99584050,NA,NA,NA,NA,NA,NA
BRD-M00053801,NA,NA,NA,NA,NA,NA,NA,BRD-M00053801,NA,NA,NA,NA,NA,NA
BRD1812,NA,NA,NA,NA,NA,BRD1812,NA,BRD1812,NA,NA,NA,NA,NA,NA
BRD1835,NA,NA,NA,NA,NA,NA,NA,BRD1835,NA,NA,NA,NA,NA,NA
BRD4132,NA,NA,NA,NA,NA,BRD4132,NA,BRD4132,NA,NA,NA,NA,NA,7326481
BRD6340,NA,NA,NA,NA,NA,BRD6340,NA,BRD6340,NA,NA,NA,NA,NA,1641662
BRD8899,NA,NA,NA,NA,NA,BRD8899,NA,BRD8899,NA,NA,NA,NA,NA,NA
BRD8958,NA,NA,NA,NA,NA,BRD8958,NA,BRD8958,NA,NA,NA,NA,NA,NA
BRD9647,NA,NA,NA,NA,NA,BRD9647,NA,BRD9647,NA,NA,NA,NA,NA,1242560
BRD9876,NA,NA,NA,NA,NA,BRD9876,NA,BRD9876,NA,NA,NA,CC(C)(C)C1=CC2=C(C=C1)C=C(C(=C2)C#N)C#N,MKILROQBJOOZKC-UHFFFAOYSA-N,613000
BRD9876:MK-1775 (4:1 mol/mol),NA,NA,NA,NA,NA,NA,NA,BRD9876:MK-1775 (4:1 mol/mol),NA,NA,NA,NA,NA,NA
brefeldin A,NA,NA,NA,NA,NA,brefeldin A,NA,brefeldin A,NA,NA,NA,CC1CCCC=CC2CC(CC2C(C=CC(=O)O1)O)O,KQNZDYYTLMIZCT-KQPMLPITSA-N,5287620
brivanib,NA,NA,NA,NA,NA,NA,NA,brivanib,NA,NA,NA,C[C@@H](O)COc1cn2ncnc(Oc3ccc4[nH]c(C)cc4c3F)c2c1C,NA,11234052
Bryostatin 1,Bryostatin 1,NA,NA,NA,NA,NA,NA,NA,NA,NA,Bryostatin 1,CCCC=CC=CC(=O)OC1C(=CC(=O)OC)CC2CC(OC(=O)CC(CC3CC(C(C(O3)(CC4CC(=CC(=O)OC)CC(O4)C=CC(C1(O2)O)(C)C)O)(C)C)OC(=O)C)O)C(C)O,MJQUEDHRCUIRLF-KOWVOJLTSA-N,5477635
BX-795,BX-795,NA,NA,NA,NA,BX-795,NA,NA,NA,NA,BX-795,C1CCN(C1)C(=O)NC2=CC=CC(=C2)NC3=NC=C(C(=N3)NCCCNC(=O)C4=CC=CS4)I,VAVXGGRQQJZYBL-UHFFFAOYSA-N,10077147
BX-912,NA,NA,NA,NA,NA,NA,NA,NA,NA,NA,BX-912,Brc1cnc(Nc2cccc(NC(=O)N3CCCC3)c2)nc1NCCc4c[nH]cn4,NA,11754511
BYL-719,NA,NA,NA,NA,NA,NA,NA,BYL-719,NA,NA,NA,NA,NA,56649450
C6-ceramide,NA,NA,NA,NA,NA,NA,NA,C6-ceramide,NA,NA,NA,NA,NA,5702613
cabozantinib,NA,NA,NA,NA,NA,NA,NA,cabozantinib,NA,NA,NA,NA,NA,25102847
CAL-101,NA,NA,NA,NA,NA,NA,NA,CAL-101,NA,NA,CAL-101,NA,NA,11625818
Camptothecin,Camptothecin,NA,NA,NA,NA,NA,camptothecin,NA,NA,NA,Camptothecin,CCC1(C2=C(COC1=O)C(=O)N3CC4=CC5=CC=CC=C5N=C4C3=C2)O,VSJKWCGYPAHWDS-FQEVSTJZSA-N,24360
canertinib,NA,NA,NA,NA,NA,NA,NA,canertinib,NA,NA,NA,Fc1ccc(Nc2ncnc3cc(OCCCN4CCOCC4)c(NC(=O)C=C)cc23)cc1Cl,NA,156414
Carboplatin,NA,NA,NA,Carboplatin,NA,NA,NA,carboplatin,NA,NA,NA,NA,NA,38904
carboplatin:etoposide (40:17 mol/mol),NA,NA,NA,NA,NA,NA,NA,carboplatin:etoposide (40:17 mol/mol),NA,NA,NA,NA,NA,NA
carboplatin:UNC0638 (2:1 mol/mol),NA,NA,NA,NA,NA,NA,NA,carboplatin:UNC0638 (2:1 mol/mol),NA,NA,NA,NA,NA,NA
CAY10576,NA,NA,NA,NA,NA,NA,NA,CAY10576,NA,NA,NA,NA,NA,11626927
CAY10594,NA,NA,NA,NA,NA,CAY10594,NA,CAY10594,NA,NA,NA,C1CN(CCC12C(=O)NCN2C3=CC=CC=C3)CCNC(=O)C4=CC5=CC=CC=C5C=C4,FAIFAFUXFFWVNQ-UHFFFAOYSA-N,25105715
CAY10603,NA,NA,NA,NA,NA,NA,NA,NA,NA,NA,CAY10603,NA,NA,24951314
CAY10618,NA,NA,NA,NA,NA,CAY10618,NA,CAY10618,NA,NA,NA,C1=CC=C(C=C1)C2=CC=CC=C2NC(=O)CCCCCCCN3C=C(N=N3)C4=CN=CC=C4,SJOLTIOPWDLDEB-UHFFFAOYSA-N,44819697
CBB-1007,NA,NA,NA,NA,NA,NA,NA,CBB-1007,NA,NA,NA,NA,NA,NA
CCT007093,CCT007093,NA,NA,NA,NA,NA,NA,NA,NA,NA,CCT007093,C1CC(=CC2=CC=CS2)C(=O)C1=CC3=CC=CS3,KPFZCKDPBMGECB-WGDLNXRISA-N,2314623
CCT018159,CCT018159,NA,NA,NA,NA,NA,NA,NA,NA,NA,CCT018159,CCC1=CC(=C2C(=C(NN2)C)C3=CC4=C(C=C3)OCCO4)C(=O)C=C1O,BBTMGPQSLSYPHE-ZHZULCJRSA-N,5327091
CCT036477,NA,NA,NA,NA,NA,CCT036477,NA,CCT036477,NA,NA,NA,CC1=C(C2=CC=CC=C2N1)C(C3=CC=C(C=C3)Cl)NC4=CC=CC=N4,IFOHRIXRQPOHQZ-UHFFFAOYSA-N,3634881
CD-1530,NA,NA,NA,NA,NA,CD-1530,NA,CD-1530,NA,NA,NA,C1=CC(=NC(=C1F)Cl)Cl,YAXSIJLRAOURJK-UHFFFAOYSA-N,13290751
CD-437,NA,NA,NA,NA,NA,CD-437,NA,CD-437,NA,NA,NA,CC1=CC(=CC(=C1OC)C)C=O,SNIGEINPLSDHBQ-UHFFFAOYSA-N,2758573
cediranib,NA,NA,NA,NA,NA,NA,NA,cediranib,NA,NA,NA,COc1cc2c(Oc3ccc4[nH]c(C)cc4c3F)ncnc2cc1OCCCN1CCCC1,NA,9933475
CEP-701,CEP-701,NA,NA,NA,NA,NA,NA,NA,NA,NA,CEP-701,NA,NA,126565
ceranib-2,NA,NA,NA,NA,NA,NA,NA,ceranib-2,NA,NA,NA,NA,NA,122388991
Cerulenin,NA,NA,NA,NA,NA,cerulenin,NA,cerulenin,NA,NA,NA,CC=CCC=CCCC(=O)C1C(O1)C(=O)N,GVEZIHKRYBHEFX-NQQPLRFYSA-N,5282054
Cetuximab,NA,NA,NA,NA,NA,NA,NA,NA,NA,NA,Cetuximab,NA,NA,85668777
CGC-11047,NA,NA,NA,CGC-11047,NA,NA,NA,NA,NA,NA,NA,CCNCCCNCC=CCNCCCNCC,XFWLTFZLLXVKDY-WAYWQWQTSA-N,6475492
CGC-11144,NA,NA,NA,CGC-11144,NA,NA,NA,NA,NA,NA,NA,CCNCCCCNCCCCNCCCCNCCCCNCC=CCNCCCCNCCCCNCCCCNCCCCNCC,BDTMNIXVRYGYPA-QURGRASLSA-N,6476700
CGP-082996,CGP-082996,NA,NA,NA,NA,NA,NA,NA,NA,NA,CGP-082996,CCNC1=NC(=NC(=C1)NC2CCC(CC2)O)NC3=CC4=C(C=C3)N(C=C4)CC5=CC=CC=C5,YVXCDLCJCIDFHE-UHFFFAOYSA-N,24825971
CGP-60474,CGP-60474,NA,NA,NA,NA,NA,NA,NA,NA,NA,CGP-60474,C1=CC(=CC(=C1)Cl)NC2=NC=CC(=N2)C3=CC(=NC=C3)NCCCO,IYNDTACKOAXKBJ-UHFFFAOYSA-N,644215
Ch-55,NA,NA,NA,NA,NA,NA,NA,Ch-55,NA,NA,NA,CC(C)(C)C1=CC(=CC(=C1)C(=O)C=CC2=CC=C(C=C2)C(=O)O)C(C)(C)C,FOUVTBKPJRMLPE-FMIVXFBMSA-N,6184667
CH5424802,NA,NA,NA,NA,NA,NA,NA,NA,NA,NA,CH5424802,NA,NA,49806720
CHEMBL1222381,NA,NA,NA,NA,NA,CHEMBL1222381,NA,neuronal differentiation inducer III,NA,NA,NA,C1CC1NC(=O)C2=NOC(=C2)C3=CC=CS3,SYENTKHGMVKGAQ-UHFFFAOYSA-N,19582717
CHEMBL374350,NA,NA,NA,NA,NA,CHEMBL374350,NA,ML029,NA,NA,NA,CC1=CC2=C(C=C1C)N(C(=N2)NCCCO)CC(=O)C3=CC(=C(C(=C3)C(C)(C)C)O)C(C)(C)C,CYCGGKILBWERDJ-UHFFFAOYSA-N,2858523
CHIR-99021,CHIR-99021,NA,NA,NA,NA,CHIR-99021,NA,CHIR-99021,NA,NA,CHIR-99021,CC1=CN=C(N1)C2=CN=C(N=C2C3=C(C=C(C=C3)Cl)Cl)NCCNC4=NC=C(C=C4)C#N,AQGNHMOJWBZFQQ-UHFFFAOYSA-N,9956119
chlorambucil,NA,NA,NA,NA,NA,NA,chlorambucil,chlorambucil,NA,NA,NA,OC(=O)CCCc1ccc(cc1)N(CCCl)CCCl,JCKYGMPEJWAADB-UHFFFAOYSA-N,2708
CHM-1,NA,NA,NA,NA,NA,CHM-1,NA,CHM-1,NA,NA,NA,C1OC2=C(O1)C=C3C(=C2)C(=O)C=C(N3)C4=CC=CC=C4F,ZMYDAPJHGNEFGQ-UHFFFAOYSA-N,375860
CI-1040,CI-1040,NA,NA,NA,NA,NA,PHA-00816795,NA,NA,NA,CI-1040,C1CC1CONC(=O)C2=C(C(=C(C=C2)F)F)NC3=C(C=C(C=C3)I)Cl,GFMMXOIFOQCCGU-UHFFFAOYSA-N,6918454
CI-976,NA,NA,NA,NA,NA,CI-976,NA,CI-976,NA,NA,NA,CCCCCCCCCCC(C)(C)C(=O)NC1=C(C=C(C=C1OC)OC)OC,WAFNZAURAWBNDZ-UHFFFAOYSA-N,122327
ciclopirox,NA,NA,NA,NA,NA,NA,ciclopirox,ciclopirox,NA,NA,NA,Cc1cc(C2CCCCC2)n(O)c(=O)c1,SCKYRAXSEDYPSA-UHFFFAOYSA-N,2749
ciclosporin,NA,NA,NA,NA,NA,ciclosporin,ciclosporin,ciclosporin,NA,NA,NA,CCC1C(=O)N(CC(=O)N(C(C(=O)NC(C(=O)N(C(C(=O)NC(C(=O)NC(C(=O)N(C(C(=O)N(C(C(=O)N(C(C(=O)N(C(C(=O)N1)C(C(C)CC=CC)O)C)C(C)C)C)CC(C)C)C)CC(C)C)C)C)C)CC(C)C)C)C(C)C)CC(C)C)C)C,PMATZTZNYRCHOR-KMSBSJHKSA-N,6435893
CID-5951923,NA,NA,NA,NA,NA,NA,NA,CID-5951923,NA,NA,NA,NA,NA,5951923
CIL41,NA,NA,NA,NA,NA,CIL41,NA,CIL41,NA,NA,NA,NA,NA,NA
CIL55,NA,NA,NA,NA,NA,CIL55,NA,CIL55,NA,NA,NA,NA,NA,NA
CIL55A,NA,NA,NA,NA,NA,CIL55A,NA,CIL55A,NA,NA,NA,NA,NA,NA
CIL56,NA,NA,NA,NA,NA,CIL56,NA,CIL56,NA,NA,NA,NA,NA,654092
CIL70,NA,NA,NA,NA,NA,CIL70,NA,CIL70,NA,NA,NA,C1=CC(=C2NC(=C3C=CC=CC3=O)N(N2)C4=CC=C(C=C4)C(=O)O)C(=O)C=C1,FMSOAWSKCWYLBB-VBGLAJCLSA-N,5493381
cimetidine,NA,NA,NA,NA,NA,NA,cimetidine,cimetidine,NA,NA,NA,CNC(=NC#N)NCCSCc1nc[nH]c1C,AQIXAKUUQRKLND-UHFFFAOYSA-N,2756
Cisplatin,Cisplatin,NA,NA,Cisplatin,NA,NA,NA,NA,NA,NA,Cisplatin,[NH2-].[NH2-].Cl[Pt+2]Cl,DQLATGHUWYMOKM-UHFFFAOYSA-L,24191118
clofarabine,NA,NA,NA,NA,NA,NA,NA,clofarabine,NA,NA,NA,Nc1nc(Cl)nc2n(cnc12)C3OC(CO)C(O)C3F,WDDPHFBMKLOVOX-UHFFFAOYSA-N,119182
CMK,CMK,NA,NA,NA,NA,NA,NA,NA,NA,NA,CMK,CC1=C(C=CC(=C1)O)Cl,CFKMVGJGLGKFKI-UHFFFAOYSA-N,1732
COL-3,NA,NA,NA,NA,NA,NA,NA,COL-3,NA,NA,NA,NC(=O)C1C(=O)C[C@@H]2C[C@@H]3Cc4cccc(O)c4C(=O)C3C(=O)[C@]2(O)C1=O,NA,54678924
Compound 1541A,NA,NA,NA,NA,NA,Compound 1541A,NA,Compound 1541A,NA,NA,NA,NA,NA,NA
compound 1B,NA,NA,NA,NA,NA,NA,NA,compound 1B,NA,NA,NA,NA,NA,NA
Compound 23 citrate,NA,NA,NA,NA,NA,Compound 23 citrate,NA,Compound 23 citrate,NA,NA,NA,NA,NA,NA
Compound 7d-cis,NA,NA,NA,NA,NA,Compound 7d-cis,NA,Compound 7d-cis,NA,NA,NA,NA,NA,NA
CP466722,NA,NA,NA,NA,NA,NA,NA,NA,NA,NA,CP466722,COc1cc2ncnc(-n3nc(nc3N)-c3ccccn3)c2cc1OC,NA,44551660
CP724714,NA,NA,NA,NA,NA,NA,NA,NA,NA,NA,CP724714,COCC(=O)NC\C=C\c1ccc2ncnc(Nc3ccc(Oc4ccc(C)nc4)c(C)c3)c2c1,NA,9874913
CR-1-31B,NA,NA,NA,NA,NA,CR-1-31B,NA,CR-1-31B,NA,NA,NA,[Cr],VYZAMTAEIAYCRO-UHFFFAOYSA-N,23976
Crizotinib,PF-02341066,PF-2341066,NA,PF-2341066,PF-2341066,NA,NA,crizotinib,crizotinib,NA,Crizotinib,CC(C1=C(C=C(C=C1Cl)F)Cl)OC2=C(N=CC(=C2)C3=CN(N=C3)C4CCNCC4)N,SCJHEFQWKWHQTO-GFCCVEGCSA-N,54613769
crizotinib:PLX-4032 (2:1 mol/mol),NA,NA,NA,NA,NA,NA,NA,crizotinib:PLX-4032 (2:1 mol/mol),NA,NA,NA,NA,NA,NA
cucurbitacin I,NA,NA,NA,NA,NA,NA,NA,cucurbitacin I,NA,NA,NA,CC1(C2=CCC3C4(CC(C(C4(CC(=O)C3(C2C=C(C1=O)O)C)C)C(C)(C(=O)C=CC(C)(C)O)O)O)C)C,NISPVUDLMHQFRQ-MKIKIEMVSA-N,5281321
CUDC-101,NA,NA,NA,NA,NA,NA,NA,NA,NA,NA,CUDC-101,NA,NA,24756910
Curcumin,NA,NA,NA,NA,NA,NA,NA,curcumin,NA,NA,NA,COC1=C(C=CC(=C1)C=CC(=O)CC(=O)C=CC2=CC(=C(C=C2)O)OC)O,VFLDPWHFBUODDF-FCXRPNKRSA-N,969516
CX-5461,NA,NA,NA,NA,NA,NA,NA,NA,NA,NA,CX-5461,NA,NA,25257557
cyanoquinoline 11,NA,NA,NA,NA,NA,cyanoquinoline 11,NA,cyanoquinoline 11,NA,NA,NA,Fc1ccc(Nc2c(cnc3c(Cl)cc(NCc4cnc[nH]4)cc23)C#N)cc1Cl,NA,NA
Cyclopamine,Cyclopamine,NA,NA,NA,NA,NA,NA,NA,NA,NA,Cyclopamine,CC1CC2C(C(C3(O2)CCC4C5CC=C6CC(CCC6(C5CC4=C3C)C)O)C)NC1,QASFUMOKHFSJGL-LAFRSMQTSA-N,442972
Cyclophosphamide,NA,NA,NA,NA,NA,NA,NA,cyclophosphamide,NA,NA,NA,C1CNP(=O)(OC1)N(CCCl)CCCl,CMSMOCZEIVJLDB-UHFFFAOYSA-N,2907
Cytarabine,Cytarabine,NA,NA,NA,NA,NA,NA,cytarabine hydrochloride,NA,NA,Cytarabine,C1=CN(C(=O)N=C1N)C2C(C(C(O2)CO)O)O.Cl,KCURWTAZOZXKSJ-UHFFFAOYSA-N,5351180
cytochalasin b,NA,NA,NA,NA,NA,cytochalasin B,cytochalasin B,cytochalasin B,NA,NA,NA,CC1CCCC(C=CC(=O)OC23C(C=CC1)C(C(=C)C(C2C(NC3=O)CC4=CC=CC=C4)C)O)O,GBOGMAARMMDZGR-TYHYBEHESA-N,5311281
dabrafenib,NA,NA,NA,NA,NA,NA,NA,dabrafenib,NA,NA,Dabrafenib,CC(C)(C)c1nc(c(s1)-c1ccnc(N)n1)-c1cccc(NS(=O)(=O)c2c(F)cccc2F)c1F,NA,44462760
dacarbazine,NA,NA,NA,NA,NA,NA,dacarbazine,dacarbazine,NA,NA,NA,CN(C)N=Nc1[nH]cnc1C(=O)N,FDKXTQMXEQVLRF-ZHACJKMWSA-N,5353562
darinaparsin,NA,NA,NA,NA,NA,darinaparsin,NA,darinaparsin,NA,NA,NA,C[As](C)SCC(C(=O)NCC(=O)O)NC(=O)CCC(C(=O)O)N,JGDXFQORBMPJGR-YUMQZZPRSA-N,11683005
Dasatinib,Dasatinib,NA,NA,NA,NA,NA,NA,dasatinib,NA,NA,Dasatinib,CC1=C(C(=CC=C1)Cl)NC(=O)C2=CN=C(S2)NC3=NC(=NC(=C3)N4CCN(CC4)CCO)C,ZBNZXTGUTAYRHI-UHFFFAOYSA-N,3062316
DBeQ,NA,NA,NA,NA,NA,NA,NA,DBeQ,NA,NA,NA,NA,NA,676352
decitabine,NA,NA,NA,NA,NA,NA,decitabine,decitabine,NA,NA,NA,Nc1ncn([C@@H]2C[C@H](O)[C@@H](CO)O2)c(=O)n1,XAUDJQYHKZQPEU-KVQBGUIXSA-N,451668
decitabine:carboplatin (1:1 mol/mol),NA,NA,NA,NA,NA,NA,NA,decitabine:carboplatin (1:1 mol/mol),NA,NA,NA,NA,NA,NA
decitabine:navitoclax (2:1 mol/mol),NA,NA,NA,NA,NA,NA,NA,decitabine:navitoclax (2:1 mol/mol),NA,NA,NA,NA,NA,NA
dexamethasone,NA,NA,NA,NA,NA,dexamethasone,dexamethasone,dexamethasone,NA,NA,NA,CC1CC2C3CCC4=CC(=O)C=CC4(C3(C(CC2(C1(C(=O)CO)O)C)O)F)C,UREBDLICKHMUKA-CXSFZGCWSA-N,5743
dinaciclib,NA,NA,NA,NA,NA,NA,NA,dinaciclib,NA,NA,NA,NA,NA,46926350
Disulfiram,NA,NA,NA,Disulfiram,NA,NA,disulfiram,NA,NA,NA,NA,CCN(CC)C(=S)SSC(=S)N(CC)CC,AUZONCFQVSMFAP-UHFFFAOYSA-N,3117
DMOG,DMOG,NA,NA,NA,NA,NA,dimethyloxalylglycine,NA,NA,NA,DMOG,COC(=O)CNC(=O)C(=O)OC,BNJOZDZCRHCODO-UHFFFAOYSA-N,560326
Docetaxel,Docetaxel,NA,NA,Docetaxel,NA,NA,NA,docetaxel,docetaxel,NA,Docetaxel,CC1=C2C(C(=O)C3(C(CC4C(C3C(C(C2(C)C)(CC1OC(=O)C(C(C5=CC=CC=C5)NC(=O)OC(C)(C)C)O)O)OC(=O)C6=CC=CC=C6)(CO4)OC(=O)C)O)C)O,ZDZOTLJHXYCWBA-VCVYQWHSSA-N,148124
docetaxel:tanespimycin (2:1 mol/mol),NA,NA,NA,NA,NA,NA,NA,docetaxel:tanespimycin (2:1 mol/mol),NA,NA,NA,NA,NA,NA
Doxorubicin,Doxorubicin,NA,NA,Doxorubicin,NA,NA,doxorubicin,doxorubicin,doxorubicin,NA,Doxorubicin,CC1C(C(CC(O1)OC2CC(CC3=C(C4=C(C(=C23)O)C(=O)C5=C(C4=O)C=CC=C5OC)O)(C(=O)CO)O)N)O.Cl,MWWSFMDVAYGXBV-FGBJBKNOSA-N,32874
doxorubicin:navitoclax (2:1 mol/mol),NA,NA,NA,NA,NA,NA,NA,doxorubicin:navitoclax (2:1 mol/mol),NA,NA,NA,NA,NA,NA
EHT 1864,EHT 1864,NA,NA,NA,NA,NA,NA,NA,NA,NA,EHT 1864,NA,NA,9938202
EKB-569,NA,NA,NA,NA,NA,NA,NA,NA,NA,NA,EKB-569,NA,NA,6445562
ELCPK,NA,NA,NA,NA,NA,ELCPK,NA,ELCPK,NA,NA,NA,NA,NA,NA
Elesclomol,Elesclomol,NA,NA,NA,NA,NA,NA,NA,NA,NA,Elesclomol,CN(C(=S)C1=CC=CC=C1)NC(=O)CC(=O)NN(C)C(=S)C2=CC=CC=C2,BKJIXTWSNXCKJH-UHFFFAOYSA-N,300471
elocalcitol,NA,NA,NA,NA,NA,NA,NA,elocalcitol,NA,NA,NA,NA,NA,11396600
embelin,Embelin,NA,NA,NA,NA,NA,NA,NA,NA,NA,Embelin,CCCCCCCCCCCC1C(=O)C(=O)CC(=O)C1=O,NA,3218
epigallocatechin-3-monogallate,NA,NA,NA,NA,NA,NA,NA,epigallocatechin-3-monogallate,NA,NA,NA,NA,NA,65064
Epirubicin,NA,NA,NA,Epirubicin,NA,NA,NA,NA,NA,NA,NA,CC1C(C(CC(O1)OC2CC(CC3=C(C4=C(C(=C23)O)C(=O)C5=C(C4=O)C=CC=C5OC)O)(C(=O)CO)O)N)O,AOJJSUZBOXZQNB-VTZDEGQISA-N,41867
Epothilone B,Epothilone B,NA,NA,NA,NA,NA,NA,NA,NA,NA,Epothilone B,NA,NA,448013
erastin,NA,NA,NA,NA,NA,erastin,erastin,erastin,NA,NA,NA,CCOC1=CC=CC=C1N2C(=O)C3=CC=CC=C3N=C2C(C)N4CCN(CC4)C(=O)COC5=CC=C(C=C5)Cl,BKQFRNYHFIQEKN-UHFFFAOYSA-N,11214940
erismodegib,NA,NA,NA,NA,NA,NA,NA,erismodegib,NA,NA,NA,C[C@H]1CN(C[C@@H](C)O1)c1ccc(NC(=O)c2cccc(-c3ccc(OC(F)(F)F)cc3)c2C)cn1,NA,24775005
ERKi II (FR180304),NA,NA,NA,ERKi II (FR180304),NA,NA,NA,NA,NA,NA,NA,NA,NA,NA
Erlotinib,Erlotinib,Erlotinib,NA,Erlotinib,NA,NA,NA,erlotinib,erlotinib,Erlotinib,Erlotinib,COCCOC1=C(C=C2C(=C1)C(=NC=N2)NC3=CC=CC(=C3)C#C)OCCOC.Cl,GTTBEUCJPZQMDZ-UHFFFAOYSA-N,176871
erlotinib:PLX-4032 (2:1 mol/mol),NA,NA,NA,NA,NA,NA,NA,erlotinib:PLX-4032 (2:1 mol/mol),NA,NA,NA,NA,NA,NA
etomoxir,NA,NA,NA,NA,NA,etomoxir,NA,etomoxir,NA,NA,NA,CCOC(=O)C1(CO1)CCCCCCOC2=CC=C(C=C2)Cl,DZLOHEOHWICNIL-UHFFFAOYSA-N,123823
etoposide,Etoposide,NA,NA,Etoposide,NA,etoposide,etoposide,etoposide,NA,NA,Etoposide,COc1cc(cc(OC)c1O)[C@H]2[C@@H]3C(COC3=O)C(OC4OC5COC(C)OC5C(O)C4O)c6cc7OCOc7cc26,VJJPUSNTGOMMGY-MRVIYFEKSA-N,36462
ETP-46464,NA,NA,NA,NA,NA,NA,NA,ETP-46464,NA,NA,NA,NA,NA,72199292
Everolimus,NA,NA,NA,Everolimus,NA,NA,NA,NA,NA,NA,NA,CC1CCC2CC(C(=CC=CC=CC(CC(C(=O)C(C(C(=CC(C(=O)CC(OC(=O)C3CCCCN3C(=O)C(=O)C1(O2)O)C(C)CC4CCC(C(C4)OC)OCCO)C)C)O)OC)C)C)C)OC,HKVAMNSJSFKALM-GKUWKFKPSA-N,6442177
EX-527,NA,NA,NA,NA,NA,EX-527,NA,EX-527,NA,NA,EX-527,C1CC(C2=C(C1)C3=C(N2)C=CC(=C3)Cl)C(=O)N,FUZYTVDVLBBXDL-UHFFFAOYSA-N,5113032
Fascaplysin,NA,NA,NA,Fascaplysin,NA,NA,NA,NA,NA,NA,NA,C1=CC=C2C(=C1)C3=C(N2)C4=[N+](C=C3)C5=CC=CC=C5C4=O,WYQIPCUPNMRAKP-UHFFFAOYSA-O,73293
FGIN-1-27,NA,NA,NA,NA,NA,FGIN-1-27,NA,FGIN-1-27,NA,NA,NA,CCCCCCN(CCCCCC)C(=O)CC1=C(NC2=CC=CC=C21)C3=CC=C(C=C3)F,VUWXAQFLTSBUDB-UHFFFAOYSA-N,132496
FH535,FH535,NA,NA,NA,NA,NA,NA,NA,NA,NA,FH535,CC1=C(C=CC(=C1)[N+](=O)[O-])NS(=O)(=O)C2=C(C=CC(=C2)Cl)Cl,AXNUEXXEQGQWPA-UHFFFAOYSA-N,3463933
fingolimod,NA,NA,NA,NA,NA,NA,NA,fingolimod,NA,NA,NA,NA,NA,107970
FK866,NA,NA,NA,NA,NA,FK866,NA,daporinad,NA,NA,FK866,C1CN(CCC1CCCCNC(=O)C=CC2=CN=CC=C2)C(=O)C3=CC=CC=C3,KPBNHDGDUADAGP-VAWYXSNFSA-N,6914657
fluvastatin,NA,NA,NA,NA,NA,NA,fluvastatin,fluvastatin,NA,NA,NA,CC(C)n1c(/C=C/[C@@H](O)C[C@@H](O)CC(=O)O)c(c2ccc(F)cc2)c3ccccc13,FJLGEFLZQAZZCD-MCBHFWOFSA-N,446155
FMK,NA,NA,NA,NA,NA,NA,NA,NA,NA,NA,FMK,NA,NA,644243
foretinib,NA,NA,foretinib,NA,NA,NA,NA,foretinib,NA,NA,Foretinib,COC1=CC2=C(C=CN=C2C=C1OCCCN3CCOCC3)OC4=C(C=C(C=C4)NC(=O)C5(CC5)C(=O)NC6=CC=C(C=C6)F)F,CXQHYVUVSFXTMY-UHFFFAOYSA-N,42642645
FQI-1,NA,NA,NA,NA,NA,FQI-1,NA,FQI-1,NA,NA,NA,CCOC1=CC=CC=C1C2CC(=O)NC3=CC4=C(C=C23)OCO4,YKSYGLXHLSPWLB-UHFFFAOYSA-N,656346
FQI-2,NA,NA,NA,NA,NA,FQI-2,NA,FQI-2,NA,NA,NA,NA,NA,NA
FR-180204,NA,NA,NA,NA,NA,NA,NA,NA,NA,NA,FR-180204,Nc1[nH]nc2nnc(cc12)-c1c(nn2ccccc12)-c1ccccc1,NA,11493598
FSC231,NA,NA,NA,NA,NA,NA,NA,FSC231,NA,NA,NA,NA,NA,NA
FTase inhibitor I,NA,NA,NA,FTase inhibitor I,NA,NA,NA,NA,NA,NA,NA,NA,NA,132887
FTI-277,FTI-277,NA,NA,NA,NA,NA,NA,NA,NA,NA,FTI-277,COC(=O)C(CCSC)NC(=O)C1=C(C=C(C=C1)NCC(CS)N)C2=CC=CC=C2,GKFPROVOIQKYTO-UZLBHIALSA-N,3005532
fulvestrant,NA,NA,NA,NA,NA,NA,fulvestrant,fulvestrant,NA,NA,NA,C[C@@]12CC[C@H]3C([C@@H]2CC[C@@H]1O)[C@H](CCCCCCCCCS(=O)CCCC(F)(F)C(F)(F)F)Cc4cc(O)ccc34,VWUXBMIQPBEWFH-WCCTWKNTSA-N,104741
Fumonisin B1,NA,NA,NA,NA,NA,NA,NA,fumonisin B1,NA,NA,NA,CCCCC(C)C(C(CC(C)CC(CCCCC(CC(C(C)N)O)O)O)OC(=O)CC(CC(=O)O)C(=O)O)OC(=O)CC(CC(=O)O)C(=O)O,UVBUBMSSQKOIBE-UHFFFAOYSA-N,3431
GANT-61,NA,NA,NA,NA,NA,NA,NA,GANT-61,NA,NA,NA,CN(C)C1=CC=CC=C1CN2CCCN(C2C3=CC=NC=C3)CC4=CC=CC=C4N(C)C,KVQOGDQTWWCZFX-UHFFFAOYSA-N,421610
GDC-0449,GDC-0449,NA,NA,NA,NA,vismodegib,NA,NA,NA,NA,GDC0449,CS(=O)(=O)C1=CC(=C(C=C1)C(=O)NC2=CC(=C(C=C2)Cl)C3=CC=CC=N3)Cl,BPQMGSKTAYIVFO-UHFFFAOYSA-N,24776445
GDC-0879,NA,NA,NA,NA,NA,NA,NA,GDC-0879,NA,NA,NA,OCCn1cc(c(n1)-c1ccncc1)-c1ccc2c(CC\C2=N/O)c1,NA,11717001
GDC-0941,GDC0941,NA,NA,NA,GDC-0941,NA,NA,GDC-0941,gdc0941,NA,GDC0941,CS(=O)(=O)N1CCN(CC1)CC2=CC3=C(S2)C(=NC(=N3)C4=C5C=NNC5=CC=C4)N6CCOCC6,LHNIIDJUOCFXAP-UHFFFAOYSA-N,17755052
Gefitinib,Gefitinib,NA,NA,Gefitinib,NA,NA,gefitinib,gefitinib,NA,NA,Gefitinib,COC1=C(C=C2C(=C1)N=CN=C2NC3=CC(=C(C=C3)F)Cl)OCCCN4CCOCC4,XGALLCVXEZPNRQ-UHFFFAOYSA-N,123631
Geldanamycin,NA,NA,NA,Geldanamycin,NA,NA,geldanamycin,NA,NA,NA,NA,CC1CC(C(C(C=C(C(C(C=CC=C(C(=O)NC2=CC(=O)C(=C(C1)C2=O)OC)C)OC)OC(=O)N)C)C)O)OC,QTQAWLPCGQOSGP-KSRBKZBZSA-N,5288382
Gemcitabine,Gemcitabine,NA,NA,Gemcitabine,NA,gemcitabine,NA,gemcitabine,gemcitabine,NA,Gemcitabine,C1=CN(C(=O)N=C1N)C2C(C(C(O2)CO)O)(F)F.Cl,OKKDEIYWILRZIA-UHFFFAOYSA-N,356653
Genentech Cpd 10,NA,NA,NA,NA,NA,NA,NA,NA,NA,NA,Genentech Cpd 10,NA,NA,NA
Glycyl H1152,NA,NA,NA,Glycyl H1152,NA,NA,NA,NA,NA,NA,NA,NA,NA,NA
GMX-1778,NA,NA,NA,NA,NA,GMX-1778,NA,GMX-1778,NA,NA,NA,Clc1ccc(OCCCCCC\N=C(\NC#N)Nc2ccncc2)cc1,NA,NA
GNF-2,GNF-2,NA,NA,NA,NA,NA,NA,NA,NA,NA,GNF-2,C1=CC(=CC(=C1)C(=O)N)C2=CC(=NC=N2)NC3=CC=C(C=C3)OC(F)(F)F,WEVYNIUIFUYDGI-UHFFFAOYSA-N,5311510
gossypol,NA,NA,NA,NA,NA,gossypol,gossypol,gossypol,NA,NA,NA,CC1=C(C(=C2C(=C1)C(=C(C(=C2C=O)O)O)C(C)C)O)C3=C(C=C4C(=C3O)C(=C(C(=C4C(C)C)O)O)C=O)C,QBKSWRVVCFFDOT-UHFFFAOYSA-N,3503
GSK-1904529A,GSK-1904529A,NA,NA,NA,NA,NA,NA,NA,NA,NA,GSK1904529A,CCC1=CC(=C(C=C1N2CCC(CC2)N3CCN(CC3)S(=O)(=O)C)OC)NC4=NC=CC(=N4)C5=C(N=C6N5C=CC=C6)C7=CC(=C(C=C7)OC)C(=O)NC8=C(C=CC=C8F)F,MOSKATHMXWSZTQ-UHFFFAOYSA-N,25124816
GSK-3 inhibitor IX,NA,NA,NA,NA,NA,NA,6-bromoindirubin-3'-oxime,GSK-3 inhibitor IX,NA,NA,NA,ONC1=c2ccccc2=NC1=C3C(=O)Nc4cc(Br)ccc34,WNWSUJQVZJJGLF-SQFISAMPSA-N,5287844
GSK-650394,GSK-650394,NA,NA,GSK650394,NA,NA,NA,NA,NA,NA,GSK-650394,C1CCC(C1)C2=C(C=CC(=C2)C3=CNC4=NC=C(C=C34)C5=CC=CC=C5)C(=O)O,WVSBGSNVCDAMCF-UHFFFAOYSA-N,25022668
GSK-J4,NA,NA,NA,NA,NA,NA,NA,GSK-J4,NA,NA,NA,NA,NA,71729975
GSK1059615,NA,NA,GSK1059615,GSK1059615,NA,NA,NA,GSK1059615,NA,NA,NA,C1=CC2=NC=CC(=C2C=C1C=C3C(=O)NC(=O)S3)C4=CC=NC=C4,QDITZBLZQQZVEE-YBEGLDIGSA-N,23582824
GSK1059868,NA,NA,NA,GSK1059868,NA,NA,NA,NA,NA,NA,NA,NA,NA,NA
GSK1070916,NA,NA,GSK1070916,GSK1070916,NA,NA,NA,NA,NA,NA,GSK1070916,CCN1C=C(C(=N1)C2=CC=C(C=C2)NC(=O)N(C)C)C3=C4C=C(NC4=NC=C3)C5=CC(=CC=C5)CN(C)C,QTBWCSQGBMPECM-UHFFFAOYSA-N,46885626
GSK1120212,NA,NA,GSK1120212,GSK1120212,NA,NA,NA,trametinib,NA,NA,Trametinib,CC1=C2C(=C(N(C1=O)C)NC3=C(C=C(C=C3)I)F)C(=O)N(C(=O)N2C4=CC(=CC=C4)NC(=O)C)C5CC5,LIRYPHYGHXZJBZ-UHFFFAOYSA-N,11707110
GSK1838705,NA,NA,GSK1838705,GSK1838705,NA,NA,NA,NA,NA,NA,NA,NA,NA,NA
GSK2119563,NA,NA,NA,GSK2119563,NA,NA,NA,NA,NA,NA,NA,NA,NA,NA
GSK2126458,NA,NA,NA,GSK2126458,NA,NA,NA,NA,NA,NA,GSK2126458,COC1=C(C=C(C=N1)C2=CC3=C(C=CN=C3C=C2)C4=CN=NC=C4)NS(=O)(=O)C5=C(C=C(C=C5)F)F,CGBJSGAELGCMKE-UHFFFAOYSA-N,25167777
GSK2141795,NA,NA,NA,GSK2141795,NA,NA,NA,NA,NA,NA,NA,CN1C(=C(C=N1)Cl)C2=C(OC(=C2)C(=O)NC(CC3=CC(=C(C=C3)F)F)CN)Cl,AXTAPYRUEKNRBA-JTQLQIEISA-N,51042438
GSK2636771,NA,NA,NA,NA,NA,NA,NA,GSK2636771,NA,NA,NA,NA,NA,56949517
GSK269962A,GSK269962A,NA,NA,NA,NA,NA,NA,NA,NA,NA,GSK269962A,CCN1C2=CC(=NC=C2N=C1C3=NON=C3N)OC4=CC=CC(=C4)NC(=O)C5=CC=C(C=C5)OCCN6CCOCC6,YOVNFNXUCOWYSG-UHFFFAOYSA-N,16095342
GSK4112,NA,NA,NA,NA,NA,NA,NA,GSK4112,NA,NA,NA,NA,NA,50905018
GSK429286A,NA,NA,NA,NA,NA,NA,NA,NA,NA,NA,GSK429286A,CC1=C(C(CC(=O)N1)c1ccc(cc1)C(F)(F)F)C(=O)Nc1cc2cn[nH]c2cc1F,NA,11373846
GSK461364,NA,NA,GSK461364,GSK461364,NA,NA,NA,GSK461364,NA,NA,NA,CC(C1=CC=CC=C1C(F)(F)F)OC2=C(SC(=C2)N3C=NC4=C3C=C(C=C4)CN5CCN(CC5)C)C(=O)N,ZHJGWYRLJUCMRT-QGZVFWFLSA-N,15983966
GSK525762A,NA,NA,NA,NA,NA,NA,NA,GSK525762A,NA,NA,NA,NA,NA,46943432
GSK690693,NA,NA,GSK690693,NA,NA,NA,NA,NA,NA,NA,GSK690693,CCN1C2=C(C(=NC=C2OCC3CCCNC3)C#CC(C)(C)O)N=C1C4=NON=C4N,KGPGFQWBCSZGEL-ZDUSSCGKSA-N,16725726
GSK923295,NA,NA,GSK923295,GSK923295,NA,NA,NA,NA,NA,NA,NA,CC(C)OC1=C(C=C(C=C1)C(=O)NC(CC2=CC=C(C=C2)C3=CN4C=CC=C(C4=N3)C(C)O)CNC(=O)CN(C)C)Cl,WHMXDBPHBVLYRC-OFVILXPXSA-N,46898058
GW 441756,GW 441756,NA,NA,NA,NA,NA,NA,NA,NA,NA,GW 441756,Cn1cc(C=C2C(=O)Nc3cccnc23)c4ccccc14,NA,9943465
GW-2580,NA,NA,NA,NA,NA,NA,NA,NA,NA,NA,GW-2580,NA,NA,11617559
GW-405833,NA,NA,NA,NA,NA,GW-405833,NA,GW-405833,NA,NA,NA,CC1=C(C2=C(N1C(=O)C3=C(C(=CC=C3)Cl)Cl)C=CC(=C2)OC)CCN4CCOCC4,FSFZRNZSZYDVLI-UHFFFAOYSA-N,9911463
GW843682X,GW843682X,NA,NA,NA,NA,GW-843682X,NA,GW-843682X,NA,NA,GW843682X,COC1=C(C=C2C(=C1)N=CN2C3=CC(=C(S3)C(=O)N)OCC4=CC=CC=C4C(F)(F)F)OC,JSKUWFIZUALZLX-UHFFFAOYSA-N,9826308
HBX-41108,NA,NA,NA,NA,NA,NA,NA,HBX-41108,NA,NA,NA,NA,NA,NA
HC-067047,NA,NA,NA,NA,NA,NA,NA,HC-067047,NA,NA,NA,NA,NA,2742550
HG-5-113-01,NA,NA,NA,NA,NA,NA,NA,NA,NA,NA,HG-5-113-01,NA,NA,NA
HG-5-88-01,NA,NA,NA,NA,NA,NA,NA,NA,NA,NA,HG-5-88-01,NA,NA,NA
HG-6-64-1,NA,NA,NA,NA,NA,NA,NA,NA,NA,NA,HG-6-64-1,NA,NA,NA
HLI 373,NA,NA,NA,NA,NA,HLI 373,NA,HLI 373,NA,NA,NA,CN(C)CCCNc1c2ccccc2n(C)c2nc(=O)n(C)c(=O)c12,NA,435678
hyperforin,NA,NA,NA,NA,NA,NA,NA,hyperforin,NA,NA,NA,CC(C)C(=O)[C@@]12C(=O)C(CC=C(C)C)C(=O)[C@@](CC=C(C)C)(C[C@H](CC=C(C)C)[C@@]1(C)CCC=C(C)C)C2=O,NA,441298
I-BET-762,NA,NA,NA,NA,NA,NA,NA,NA,NA,NA,I-BET-762,NA,NA,46943432
I-BET151,NA,NA,NA,NA,NA,NA,NA,I-BET151,NA,NA,NA,NA,NA,52912189
Ibandronate sodium salt,NA,NA,NA,Ibandronate sodium salt,NA,NA,NA,NA,NA,NA,NA,NA,NA,23670359
ibrutinib,NA,NA,NA,NA,NA,NA,NA,ibrutinib,NA,NA,NA,Nc1ncnc2n(nc(-c3ccc(Oc4ccccc4)cc3)c12)C1CCCN(C1)C(=O)C=C,NA,24821094
IC-87114,NA,NA,NA,NA,NA,NA,NA,IC-87114,NA,NA,NA,NA,NA,9908783
ICRF-193,NA,NA,NA,ICRF-193,NA,NA,NA,NA,NA,NA,NA,CC(C(C)N1CC(=O)NC(=O)C1)N2CC(=O)NC(=O)C2,OBYGAPWKTPDTAS-UHFFFAOYSA-N,115150
ifosfamide,NA,NA,NA,NA,NA,NA,ifosfamide,ifosfamide,NA,NA,NA,ClCCN[P@]1(=O)OCCCN1CCCl,HOMGKSMUEGBAAB-UHFFFAOYSA-N,3690
IKK.16,NA,NA,NA,IKK 16,NA,NA,NA,NA,NA,NA,NA,O=C(N1CCC(CC1)N2CCCC2)c3ccc(Nc4nccc(n4)c5cc6ccccc6s5)cc3,NA,NA
Imatinib,Imatinib,NA,NA,Imatinib,NA,NA,imatinib,imatinib,NA,NA,Imatinib,CC1=C(C=C(C=C1)NC(=O)C2=CC=C(C=C2)CN3CCN(CC3)C)NC4=NC=CC(=N4)C5=CN=CC=C5,KTUFNOKKBVMGRW-UHFFFAOYSA-N,5291
importazole,NA,NA,NA,NA,NA,importazole,NA,importazole,NA,NA,NA,CC(Nc1nc(nc2ccccc12)N3CCCC3)c4ccccc4,NA,2949965
indisulam,NA,NA,NA,NA,NA,indisulam,NA,indisulam,NA,NA,NA,C1=CC2=C(C(=C1)NS(=O)(=O)C3=CC=C(C=C3)S(=O)(=O)N)NC=C2Cl,SETFNECMODOHTO-UHFFFAOYSA-N,216468
IOX2,NA,NA,NA,NA,NA,NA,NA,NA,NA,NA,IOX2,NA,NA,54685215
IPA-3,IPA-3,NA,NA,NA,NA,NA,NA,NA,NA,NA,IPA-3,C1=CC=C2C(=C1)C=CC(=C2SSC3=C(C=CC4=CC=CC=C43)O)O,RFAXLXKIAKIUDT-UHFFFAOYSA-N,521106
IPR-456,NA,NA,NA,NA,NA,NA,NA,IPR-456,NA,NA,NA,NA,NA,NA
Irinotecan,NA,Irinotecan,NA,CPT-11,NA,NA,irinotecan,NA,irinotecan,NA,NA,CCC1=C2C=C(C=CC2=NC3=C1CN4C3=CC5=C(C4=O)COC(=O)C5(CC)O)OC(=O)N6CCC(CC6)N7CCCCC7,UWKQSNNFCGGAFS-XIFFEERXSA-N,60838
isoevodiamine,NA,NA,NA,NA,NA,isoevodiamine,NA,isoevodiamine,NA,NA,NA,CN1C2C3=C(CCN2C(=O)C4=CC=CC=C41)C5=CC=CC=C5N3,TXDUTHBFYKGSAH-UHFFFAOYSA-N,151289
isoliquiritigenin,NA,NA,NA,NA,NA,isoliquiritigenin,butein,isoliquiritigenin,NA,NA,NA,C1=CC(=CC=C1C=CC(=O)C2=C(C=C(C=C2)O)O)O,DXDRHHKMWQZJHT-FPYGCLRLSA-N,638278
isonicotinohydroxamic acid,NA,NA,NA,NA,NA,NA,NA,isonicotinohydroxamic acid,NA,NA,NA,ONC(=O)c1ccncc1,NA,72967
ISOX,NA,NA,NA,NA,NA,ISOX,NA,ISOX,NA,NA,NA,CC(C)(C)OC(=O)Nc1ccc(cc1)-c1cc(no1)C(=O)NCCCCCCC(=O)NO,NA,NA
ISOX:bortezomib (250:1 mol/mol),NA,NA,NA,NA,NA,NA,NA,ISOX:bortezomib (250:1 mol/mol),NA,NA,NA,NA,NA,NA
Ispinesib,NA,NA,NA,Ispinesib,NA,NA,NA,NA,NA,NA,NA,CC1=CC=C(C=C1)C(=O)N(CCCN)C(C2=NC3=C(C=CC(=C3)Cl)C(=O)N2CC4=CC=CC=C4)C(C)C,QJZRFPJCWMNVAV-HHHXNRCGSA-N,6851740
Ispinesib Mesylate,NA,NA,NA,NA,NA,NA,NA,NA,NA,NA,Ispinesib Mesylate,NA,NA,6450816
istradefylline,NA,NA,NA,NA,NA,NA,NA,istradefylline,NA,NA,NA,NA,NA,5311037
itraconazole,NA,NA,NA,NA,NA,itraconazole,NA,itraconazole,NA,NA,NA,CCC(C)N1C(=O)N(C=N1)C2=CC=C(C=C2)N3CCN(CC3)C4=CC=C(C=C4)OCC5COC(O5)(CN6C=NC=N6)C7=C(C=C(C=C7)Cl)Cl,VHVPQPYKVGDNFY-TUJWMRSMSA-N,14179013
IU1,NA,NA,NA,NA,NA,NA,NA,IU1,NA,NA,NA,NA,NA,675434
Ixabepilone,NA,NA,NA,Ixabepilone,NA,NA,NA,NA,NA,NA,NA,CC1CCCC2(C(O2)CC(NC(=O)CC(C(C(=O)C(C1O)C)(C)C)O)C(=CC3=CSC(=N3)C)C)C,FABUFPQFXZVHFB-PVYNADRNSA-N,6445540
JNJ-26854165,JNJ-26854165,NA,NA,NA,NA,NA,NA,serdemetan,NA,NA,JNJ-26854165,C1=CC=C2C(=C1)C(=CN2)CCNC3=CC=C(C=C3)NC4=CC=NC=C4,CEGSUKYESLWKJP-UHFFFAOYSA-N,11609586
JNK Inhibitor VIII,JNK Inhibitor VIII,NA,NA,NA,NA,NA,NA,NA,NA,NA,JNK Inhibitor VIII,NA,NA,11624601
JNK-9L,JNK-9L,NA,NA,NA,NA,NA,NA,NA,NA,NA,JNK-9L,N#Cc1cc(cc(c1)-c1ccnc(Nc2ccc(cc2)-n2cnc(n2)-c2cccnc2)n1)N1CCOCC1,NA,25222038
JQ-1,NA,NA,NA,NA,NA,JQ-1,NA,JQ-1,NA,NA,JQ1,CC1=C(SC2=C1C(=NC(C3=NN=C(N32)C)C(=O)OC(C)(C)C)C4=CC=C(C=C4)Cl)C,DOXYOPGGFSMXOX-GOSISDBHSA-N,71300862
JQ-1:carboplatin (1:1 mol/mol),NA,NA,NA,NA,NA,NA,NA,JQ-1:carboplatin (1:1 mol/mol),NA,NA,NA,NA,NA,NA
JQ-1:MK-0752 (1:1 mol/mol),NA,NA,NA,NA,NA,NA,NA,JQ-1:MK-0752 (1:1 mol/mol),NA,NA,NA,NA,NA,NA
JQ-1:navitoclax (2:1 mol/mol),NA,NA,NA,NA,NA,NA,NA,JQ-1:navitoclax (2:1 mol/mol),NA,NA,NA,NA,NA,NA
JQ-1:UNC0638 (2:1 mol/mol),NA,NA,NA,NA,NA,NA,NA,JQ-1:UNC0638 (2:1 mol/mol),NA,NA,NA,NA,NA,NA
JQ-1:vorinostat (2:1 mol/mol),NA,NA,NA,NA,NA,NA,NA,JQ-1:vorinostat (2:1 mol/mol),NA,NA,NA,NA,NA,NA
JQ12,NA,NA,NA,NA,NA,NA,NA,NA,NA,NA,JQ12,NA,NA,NA
JW-480,NA,NA,NA,NA,NA,NA,NA,JW-480,NA,NA,NA,NA,NA,57330099
JW-55,NA,NA,NA,NA,NA,NA,NA,JW-55,NA,NA,NA,NA,NA,2946601
JW-7-24-1,NA,NA,NA,NA,NA,NA,NA,NA,NA,NA,JW-7-24-1,NA,NA,NA
JW-7-52-1,JW-7-52-1,NA,NA,NA,NA,NA,NA,NA,NA,NA,JW-7-52-1,[W].[W].[W].[W].[W].[W].[W].[W].[W].[W].[W].[W],NTGFFEISRDRAST-UHFFFAOYSA-N,20822503
JW-74,NA,NA,NA,NA,NA,NA,NA,JW-74,NA,NA,NA,NA,NA,NA
KH-CB19,NA,NA,NA,NA,NA,NA,NA,KH-CB19,NA,NA,NA,NA,NA,44237094
KHS101,NA,NA,NA,NA,NA,NA,NA,KHS101,NA,NA,NA,NA,NA,71304818
Ki8751,NA,NA,NA,NA,NA,NA,NA,Ki8751,NA,NA,NA,COc1cc2nccc(Oc3ccc(NC(=O)Nc4ccc(F)cc4F)c(F)c3)c2cc1OC,NA,11317348
KIN001-055,NA,NA,NA,NA,NA,NA,NA,NA,NA,NA,KIN001-055,COc1cc2ncnc(Nc3cc(Br)c(O)c(Br)c3)c2cc1OC,NA,NA
KIN001-102,NA,NA,NA,NA,NA,NA,NA,NA,NA,NA,KIN001-102,NA,NA,NA
KIN001-135,KIN001-135,NA,NA,NA,NA,NA,NA,NA,NA,NA,KIN001-135,N#[In],NWAIGJYBQQYSPW-UHFFFAOYSA-N,117560
KIN001-236,NA,NA,NA,NA,NA,NA,NA,NA,NA,NA,KIN001-236,NA,NA,NA
KIN001-244,NA,NA,NA,NA,NA,NA,NA,NA,NA,NA,KIN001-244,Fc1ccc(Cn2cccc(C(=O)N[C@@H](COc3ccc4[nH]c(=O)[nH]c4c3)c3ccccc3)c2=O)cc1F,NA,NA
KIN001-260,NA,NA,NA,NA,NA,NA,NA,NA,NA,NA,KIN001-260,NA,NA,NA
KIN001-266,NA,NA,NA,NA,NA,NA,NA,NA,NA,NA,KIN001-266,CCN1CCC(CC1)n1cc(CNc2cc(Cl)c3ncc(C#N)c(Nc4ccc(F)c(Cl)c4)c3c2)nn1,NA,NA
KIN001-270,NA,NA,NA,NA,NA,NA,NA,NA,NA,NA,KIN001-270,NA,NA,NA
Ko-143,NA,NA,NA,NA,NA,Ko-143,NA,Ko-143,NA,NA,NA,CC(C)CC1C2=C(CC3N1C(=O)C(NC3=O)CCC(=O)OC(C)(C)C)C4=C(N2)C=C(C=C4)OC,NXNRAECHCJZNRF-JBACZVJFSA-N,10322450
KPT185,NA,NA,NA,NA,NA,NA,NA,KPT185,NA,NA,NA,NA,NA,53495165
KU 0060648,NA,NA,NA,NA,NA,KU 0060648,NA,KU 0060648,NA,NA,NA,CCN1CCN(CC(=O)Nc2ccc(-c3cccc4c3oc(cc4=O)N3CCOCC3)c3sc4ccccc4c23)CC1,NA,NA
KU-0063794,NA,NA,NA,NA,NA,NA,NA,KU-0063794,NA,NA,NA,COc1ccc(cc1CO)-c1ccc2c(nc(nc2n1)N1C[C@H](C)O[C@H](C)C1)N1CCOCC1,NA,16736978
KU-55933,KU-55933,NA,NA,NA,NA,NA,NA,KU-55933,NA,NA,KU-55933,C1COCCN1C2=CC(=O)C=C(O2)C3=C4C(=CC=C3)SC5=CC=CC=C5S4,XRKYMMUGXMWDAO-UHFFFAOYSA-N,5278396
KU-60019,NA,NA,NA,NA,NA,NA,NA,KU-60019,NA,NA,NA,CC1CN(CC(=O)Nc2ccc3Sc4c(Cc3c2)cccc4-c2cc(=O)cc(o2)N2CCOCC2)CC(C)O1,NA,15953870
KW-2449,NA,NA,NA,NA,NA,NA,NA,KW-2449,NA,NA,NA,NA,NA,11427553
KX2-391,NA,NA,NA,NA,NA,NA,NA,KX2-391,NA,NA,NA,NA,NA,23635314
L-685458,NA,L-685458,NA,NA,NA,L-685458,NA,L-685458,NA,NA,NA,CC(C)CC(C(=O)NC(CC1=CC=CC=C1)C(=O)N)NC(=O)C(CC2=CC=CC=C2)CC(C(CC3=CC=CC=C3)NC(=O)OC(C)(C)C)O,MURCDOXDAHPNRQ-ZJKZPDEISA-N,5479543
L-779405,NA,NA,NA,L-779405,NA,NA,NA,NA,NA,NA,NA,C1=CC=C(C=C1)C2=NC(=C(N2)C3=CC=NC=C3)C4=CC(=C(C=C4)Cl)O,WXJLXRNWMLWVFB-UHFFFAOYSA-N,9950176
lapatinib,Lapatinib,Lapatinib,lapatinib,Lapatinib,NA,NA,NA,lapatinib,lapatinib,Lapatinib,Lapatinib,CS(=O)(=O)CCNCC1=CC=C(O1)C2=CC3=C(C=C2)N=CN=C3NC4=CC(=C(C=C4)OCC5=CC(=CC=C5)F)Cl,BCFGMOOMADDAQU-UHFFFAOYSA-N,208908
LAQ824,LAQ824,NA,NA,NA,NA,NA,NA,NA,NA,NA,LAQ824,C1=CC=C2C(=C1)C(=CN2)CCN(CCO)CC3=CC=C(C=C3)C=CC(=O)NO,BWDQBBCUWLSASG-MDZDMXLPSA-N,6445533
LBW242,NA,LBW242,NA,NA,NA,NA,NA,NA,NA,NA,NA,NA,NA,NA
LE-135,NA,NA,NA,NA,NA,LE-135,NA,LE-135,NA,NA,NA,CC1(CCC(C2=CC3=C(C=C21)N=C(C4=CC=CC=C4N3C)C5=CC=C(C=C5)C(=O)O)(C)C)C,YZZAIQOVMHVWBS-UHFFFAOYSA-N,10410894
lenalidomide,Lenalidomide,NA,NA,NA,NA,lenalidomide,NA,NA,NA,NA,Lenalidomide,C1CC(=O)NC(=O)C1N2CC3=C(C2=O)C=CC=C3N,GOTYRUGSSMKFNF-UHFFFAOYSA-N,216326
lenvatinib,NA,NA,NA,NA,NA,NA,NA,lenvatinib,NA,NA,NA,NA,NA,9823820
leptomycin B,NA,NA,NA,NA,NA,NA,NA,leptomycin B,NA,NA,NA,NA,NA,6917907
Lestaurtinib(CEP-701),NA,NA,NA,Lestaurtinib(CEP-701),NA,NA,NA,NA,NA,NA,NA,NA,NA,NA
LFM-A13,LFM-A13,NA,NA,NA,NA,LFM-A13,NA,NA,NA,NA,LFM-A13,CC(=C(C#N)C(=O)NC1=C(C=CC(=C1)Br)Br)O,UVSVTDVJQAJIFG-VURMDHGXSA-N,54676905
linifanib,NA,NA,NA,NA,NA,NA,NA,linifanib,NA,NA,Linifanib,Cc1ccc(F)c(NC(=O)Nc2ccc(cc2)-c2cccc3[nH]nc(N)c23)c1,NA,11485656
Lisitinib,NA,NA,NA,NA,NA,NA,NA,NA,NA,NA,Lisitinib,NA,NA,NA
lomeguatrib,NA,NA,NA,NA,NA,NA,NA,lomeguatrib,NA,NA,NA,NA,NA,3025944
lovastatin,NA,NA,NA,NA,NA,NA,lovastatin,lovastatin,NA,NA,NA,CC[C@H](C)C(=O)O[C@H]1C[C@@H](C)C=C2C=C[C@H](C)[C@H](CC[C@@H]3C[C@@H](O)CC(=O)O3)[C@@H]12,PCZOHLXUXFIOCF-BXMDZJJMSA-N,53232
LRRK2-IN-1,NA,NA,NA,NA,NA,NA,NA,LRRK2-IN-1,NA,NA,NA,NA,NA,46843906
LY-2157299,NA,NA,NA,NA,NA,NA,NA,LY-2157299,NA,NA,NA,NA,NA,10090485
LY-2183240,NA,NA,NA,NA,NA,LY-2183240,NA,LY-2183240,NA,NA,NA,CN(C)C(=O)N1C(=NN=N1)CC2=CC=C(C=C2)C3=CC=CC=C3,GZNIYOXWFCDBBJ-UHFFFAOYSA-N,11507802
LY317615,NA,NA,NA,NA,NA,NA,NA,NA,NA,NA,LY317615,NA,NA,176167
manumycin A,NA,NA,NA,NA,NA,manumycin A,NA,manumycin A,NA,NA,NA,CCCC[C@@H](C)/C=C(\C)/C=C(\C)/C(=O)NC1=C[C@@](O)(\C=C\C=C\C=C\C(=O)NC2C(=O)CCC2=O)[C@@H]3O[C@@H]3C1=O,NA,6438330
marinopyrrole A,NA,NA,NA,NA,NA,NA,NA,marinopyrrole A,NA,NA,NA,NA,NA,24797083
masitinib,NA,NA,NA,NA,NA,NA,NA,masitinib,NA,NA,Masitinib,CN1CCN(Cc2ccc(cc2)C(=O)Nc2ccc(C)c(Nc3nc(cs3)-c3cccnc3)c2)CC1,NA,10074640
Mdivi-1,NA,NA,NA,NA,NA,NA,NA,Mdivi-1,NA,NA,NA,NA,NA,3825829
Mebendazole,NA,NA,NA,Mebendazole,NA,NA,mebendazole,NA,NA,NA,NA,COC(=O)NC1=NC2=C(N1)C=C(C=C2)C(=O)C3=CC=CC=C3,OPXLLQIJSORQAM-UHFFFAOYSA-N,4030
Merck60,NA,NA,NA,NA,NA,Merck60,NA,Merck60,NA,NA,NA,CC(=O)Nc1ccc(cc1)C(=O)Nc2cc(ccc2N)c3cccs3,NA,NA
Methotrexate,Methotrexate,NA,NA,Methotrexate,NA,NA,methotrexate,methotrexate,NA,NA,Methotrexate,CN(CC1=CN=C2C(=N1)C(=NC(=N2)N)N)C3=CC=C(C=C3)C(=O)NC(CCC(=O)O)C(=O)O,FBOZXECLQNJBKD-ZDUSSCGKSA-N,126941
methylstat,NA,NA,NA,NA,NA,NA,NA,methylstat,NA,NA,NA,NA,NA,NA
MG-132,MG-132,NA,NA,MG-132,NA,NA,MG-132,MG-132,NA,NA,MG-132,CC(C)CC(C=O)NC(=O)C(CC(C)C)NC(=O)C(CC(C)C)NC(=O)OCC1=CC=CC=C1,TZYWCYJVHRLUCT-VABKMULXSA-N,462382
MGCD-265,NA,NA,NA,NA,NA,NA,NA,MGCD-265,NA,NA,NA,Cn1cnc(c1)-c1cc2nccc(Oc3ccc(NC(=S)NC(=O)Cc4ccccc4)cc3F)c2s1,NA,24901704
MI-1,NA,NA,NA,NA,NA,NA,NA,MI-1,NA,NA,NA,NA,NA,NA
MI-2,NA,NA,NA,NA,NA,NA,NA,MI-2,NA,NA,NA,NA,NA,54765302
Midostaurin,Midostaurin,NA,NA,NA,NA,NA,NA,NA,NA,NA,Midostaurin,CC12C(C(CC(O1)N3C4=CC=CC=C4C5=C6C(=C7C8=CC=CC=C8N2C7=C53)CNC6=O)N(C)C(=O)C9=CC=CC=C9)OC,BMGQWWVMWDBQGC-PZFYLCKJSA-N,24202429
Mitomycin-C,Mitomycin C,NA,NA,NA,NA,mitomycin,NA,mitomycin,NA,NA,Mitomycin C,CC1=C(C(=O)C2=C(C1=O)N3CC4C(C3(C2COC(=O)N)OC)N4)N,NWIBSHFKIJFRCO-WUDYKRTCSA-N,5746
MK 1775,NA,NA,NA,NA,NA,MK 1775,NA,MK-1775,NA,NA,NA,CN1CCN(CC1)c1ccc(Nc2ncc3c(n2)n(-c2cccc(n2)C(C)(C)O)n(CC=C)c3=O)cc1,NA,24856436
MK-0752,NA,NA,NA,NA,NA,NA,NA,MK-0752,NA,NA,NA,NA,NA,9803433
MK-2206,MK-2206,NA,NA,NA,NA,MK-2206,NA,MK-2206,NA,NA,MK-2206,C1CC(C1)(C2=CC=C(C=C2)C3=C(C=C4C(=N3)C=CN5C4=NNC5=O)C6=CC=CC=C6)N.Cl.Cl,HWUHTJIKQZZBRA-UHFFFAOYSA-N,46930998
ML006,NA,NA,NA,NA,NA,ML006,NA,ML006,NA,NA,NA,C1COCCN1C2=NC(=C(N=N2)C3=CC=CC=C3)C4=CC=CC=C4,XAYFWWVZSYKDIS-UHFFFAOYSA-N,2842253
ML031,NA,NA,NA,NA,NA,ML013,NA,ML031,NA,NA,NA,CC1=CC(=C(N1CC2=CC=CC=C2)C)C(=O)CN3C(=O)CCC3=O,JRESCQKIRPOOEM-UHFFFAOYSA-N,2113511
ML050,NA,NA,NA,NA,NA,ML050,NA,ML050,NA,NA,NA,C1C=CC2C1C(NC3=CC=CC=C23)C4=CC5=C(C=C4Br)OCO5,YOLTZIVRJAPVPH-UHFFFAOYSA-N,3136844
ML083,NA,NA,NA,NA,NA,NA,NA,ML083,NA,NA,NA,NA,NA,650361
ML162,NA,NA,NA,NA,NA,ML162,NA,ML162,NA,NA,NA,COC1=C(C=C(C=C1)N(C(C2=CC=CS2)C(=O)NCCC3=CC=CC=C3)C(=O)CCl)Cl,UNVKYJSNMVDZJE-UHFFFAOYSA-N,3689413
ML203,NA,NA,NA,NA,NA,ML203,NA,ML203,NA,NA,NA,C1CN(CCN(C1)S(=O)(=O)C2=CC=CC(=C2)N)S(=O)(=O)C3=CC4=C(C=C3)OCCO4,GMHIOMMKSMSRLY-UHFFFAOYSA-N,44543605
ML210,NA,NA,NA,NA,NA,ML210,NA,ML210,NA,NA,NA,NA,NA,NA
ML239,NA,NA,NA,NA,NA,NA,NA,ML239,NA,NA,NA,NA,NA,49843203
ML258,NA,NA,NA,NA,NA,NA,NA,ML258,NA,NA,NA,NA,NA,53301938
ML311,NA,NA,NA,NA,NA,NA,NA,ML311,NA,NA,NA,NA,NA,3384730
ML312,NA,NA,NA,NA,NA,NA,NA,ML312,NA,NA,NA,NA,NA,NA
ML320,NA,NA,NA,NA,NA,NA,NA,ML320,NA,NA,NA,NA,NA,NA
ML334 diastereomer,NA,NA,NA,NA,NA,NA,NA,ML334 diastereomer,NA,NA,NA,NA,NA,NA
MLN2238,NA,NA,NA,NA,NA,MLN2238,NA,MLN2238,NA,NA,NA,B(C(CC(C)C)NC(=O)CNC(=O)C1=C(C=CC(=C1)Cl)Cl)(O)O,MXAYKZJJDUDWDS-LBPRGKRZSA-N,25183872
MLN2480,NA,NA,NA,NA,NA,NA,NA,MLN2480,NA,NA,NA,NA,NA,25161177
MLN4924,NA,NA,NA,MLN4924,NA,MLN-4924,NA,pevonedistat,NA,NA,MLN4924,C1CC2=CC=CC=C2C1NC3=NC=NC4=C3C=CN4C5CC(C(C5)O)COS(=O)(=O)N,MPUQHZXIXSTTDU-ZIODWWTISA-N,71729979
momelotinib,NA,NA,NA,NA,NA,NA,NA,momelotinib,NA,NA,NA,NA,NA,25062766
MP470,NA,NA,NA,NA,NA,NA,NA,NA,NA,NA,MP470,NA,NA,11282283
MPS-1-IN-1,NA,NA,NA,NA,NA,NA,NA,NA,NA,NA,MPS-1-IN-1,NA,NA,NA
MS-275,MS-275,NA,NA,NA,NA,NA,MS-275,entinostat,ms275,NA,MS-275,C1=CC=C(C(=C1)N)NC(=O)C2=CC=C(C=C2)CNC(=O)OCC3=CN=CC=C3,INVTYAOGFAGBOE-UHFFFAOYSA-N,4261
MST-312,NA,NA,NA,NA,NA,MST-312,NA,MST-312,NA,NA,NA,C1=CC(=CC(=C1)NC(=O)C2=C(C(=CC=C2)O)O)NC(=O)C3=C(C(=CC=C3)O)O,MIQUEZGHEJGPJB-UHFFFAOYSA-N,10385095
myricetin,NA,NA,NA,NA,NA,NA,myricetin,myricetin,NA,NA,NA,Oc1cc(O)c2c(=O)c(O)c(oc2c1)c3cc(O)c(O)c(O)c3,IKMDFBPHZNJCSN-UHFFFAOYSA-N,5281672
myriocin,NA,NA,NA,NA,NA,myriocin,NA,myriocin,NA,NA,NA,CCCCCCC(=O)CCCCCCC=CCC(C(C(CO)(C(=O)[O-])[NH3+])O)O,ZZIKIHCNFWXKDY-OZKYFCMZSA-N,25791047
N9-isopropylolomoucine,NA,NA,NA,NA,NA,N9-isopropylolomoucine,NA,N9-isopropylolomoucine,NA,NA,NA,CC(C)N1C=NC2=C1N=C(N=C2NCC3=CC=CC=C3)NCCO,WHDJEAZLMYPLGL-UHFFFAOYSA-N,6610355
nakiterpiosin,NA,NA,NA,NA,NA,nakiterpiosin,NA,nakiterpiosin,NA,NA,NA,CC1CC(OC1=O)C(C(C2=C(C3=C(C=C2)C4CC(C56C(OCC(O5)CC6(C4C3=O)C)O)Br)C)C(Cl)Cl)O,ZZCVHHDIBFSYFY-JMQRXBQWSA-N,54613361
narciclasine,NA,NA,NA,NA,NA,narciclasine,NA,narciclasine,NA,NA,NA,C1OC2=C(O1)C(=C3C(=C2)C4=CC(C(C(C4NC3=O)O)O)O)O,LZAZURSABQIKGB-AEKGRLRDSA-N,72376
navitoclax:birinapant (1:1 mol/mol),NA,NA,NA,NA,NA,NA,NA,navitoclax:birinapant (1:1 mol/mol),NA,NA,NA,NA,NA,NA
navitoclax:gemcitabine (1:1 mol/mol),NA,NA,NA,NA,NA,NA,NA,navitoclax:gemcitabine (1:1 mol/mol),NA,NA,NA,NA,NA,NA
navitoclax:MST-312 (1:1 mol/mol),NA,NA,NA,NA,NA,NA,NA,navitoclax:MST-312 (1:1 mol/mol),NA,NA,NA,NA,NA,NA
navitoclax:piperlongumine (1:1 mol/mol),NA,NA,NA,NA,NA,NA,NA,navitoclax:piperlongumine (1:1 mol/mol),NA,NA,NA,NA,NA,NA
navitoclax:pluripotin (1:1 mol/mol),NA,NA,NA,NA,NA,NA,NA,navitoclax:pluripotin (1:1 mol/mol),NA,NA,NA,NA,NA,NA
navitoclax:PLX-4032 (1:1 mol/mol),NA,NA,NA,NA,NA,NA,NA,navitoclax:PLX-4032 (1:1 mol/mol),NA,NA,NA,NA,NA,NA
navitoclax:sorafenib (1:1 mol/mol),NA,NA,NA,NA,NA,NA,NA,navitoclax:sorafenib (1:1 mol/mol),NA,NA,NA,NA,NA,NA
necrostatin-1,NA,NA,NA,NA,NA,necrostatin-1,NA,necrostatin-1,NA,NA,NA,CN1C(=O)C(NC1=S)CC2=CNC3=CC=CC=C32,TXUWMXQFNYDOEZ-UHFFFAOYSA-N,2828334
necrostatin-7,NA,NA,NA,NA,NA,NA,NA,necrostatin-7,NA,NA,NA,NA,NA,1239801
necrosulfonamide,NA,NA,NA,NA,NA,NA,NA,necrosulfonamide,NA,NA,NA,NA,NA,1566236
nelarabine,NA,NA,NA,NA,NA,NA,NA,nelarabine,NA,NA,NA,COC1=NC(=NC2=C1N=CN2C3C(C(C(O3)CO)O)O)N,IXOXBSCIXZEQEQ-UHTZMRCNSA-N,3011155
Nelfivir,NA,NA,NA,Nelfinavir,NA,NA,NA,NA,NA,NA,NA,CC1=C(C=CC=C1O)C(=O)NC(CSC2=CC=CC=C2)C(CN3CC4CCCCC4CC3C(=O)NC(C)(C)C)O,QAGYKUNXZHXKMR-HKWSIXNMSA-N,64143
neopeltolide,NA,NA,NA,NA,NA,neopeltolide,NA,neopeltolide,NA,NA,NA,CCCC1CC(CC(CC2CC(CC(O2)CC(=O)O1)OC(=O)C=CCCC3=COC(=N3)C=CCNC(=O)OC)C)OC,YRSJLYCTJWNTMF-KXXBBFITSA-N,23661650
neratinib,NA,NA,NA,NA,NA,neratinib,NA,neratinib,NA,NA,NA,CCOC1=C(C=C2C(=C1)N=CC(=C2NC3=CC(=C(C=C3)OCC4=CC=CC=N4)Cl)C#N)NC(=O)C=CCN(C)C,JWNPDZNEKVCWMY-VQHVLOKHSA-N,9915743
NG-25,NA,NA,NA,NA,NA,NA,NA,NA,NA,NA,NG-25,NA,NA,53340664
niclosamide,NA,NA,NA,NA,NA,NA,niclosamide,niclosamide,NA,NA,NA,Oc1ccc(Cl)cc1C(=O)Nc2ccc(cc2Cl)[N+](=O)[O-],RJMUSRYZPJIFPJ-UHFFFAOYSA-N,4477
Nilotinib,Nilotinib,Nilotinib,NA,NA,NA,NA,NA,nilotinib,NA,NA,Nilotinib,CC1=C(C=C(C=C1)C(=O)NC2=CC(=CC(=C2)N3C=C(N=C3)C)C(F)(F)F)NC4=NC=CC(=N4)C5=CN=CC=C5,HHZIURLSWUIHRB-UHFFFAOYSA-N,644241
nintedanib,NA,NA,NA,NA,NA,NA,NA,nintedanib,NA,NA,NA,COC(=O)c1ccc2c(NC(=O)\C2=C(/Nc2ccc(cc2)N(C)C(=O)CN2CCN(C)CC2)c2ccccc2)c1,NA,9809715
NPC-26,NA,NA,NA,NA,NA,NPC-26,NA,NPC-26,NA,NA,NA,NA,NA,NA
NPK76-II-72-1,NA,NA,NA,NA,NA,NA,NA,NA,NA,NA,NPK76-II-72-1,COc1cc(ccc1Nc1ncc2N(C)C(=O)CC(C)N(C3CCCC3)c2n1)C(=O)NC1CCN(C)CC1,NA,NA
NSC 74859,NA,NA,NA,NA,NA,NSC 74859,NA,NSC 74859,NA,NA,NA,NA,NA,252682
NSC-207895,NA,NA,NA,NA,NA,NA,NA,NA,NA,NA,NSC-207895,NA,NA,42640
NSC-87877,NSC-87877,NA,NA,NA,NA,NA,NA,NA,NA,NA,NSC-87877,C1=CC2=C(C(=O)C(=NNC3=CC4=C(C=C3)C=C(C=C4)S(=O)(=O)O)C=C2S(=O)(=O)O)N=C1,BIQBDHSYQMHHPU-CJLVFECKSA-N,5459322
NSC19630,NA,NA,NA,NA,NA,NA,NA,NSC19630,NA,NA,NA,CCC(=O)OCN1C(=O)C=CC1=O,YXEWPGYLMHXLPS-UHFFFAOYSA-N,227681
NSC23766,NA,NA,NA,NA,NA,NSC23766,NA,NSC23766,NA,NA,NA,CCN(CC)CCCC(C)NC1=NC(=CC(=N1)NC2=CC3=C(C=C2)N=C(C=C3N)C)C,DEFBCZWQLILOJF-UHFFFAOYSA-N,409805
NSC30930,NA,NA,NA,NA,NA,NA,NA,NSC30930,NA,NA,NA,C1=CC=C(C=C1)COC2=CC3=C(C=C2)NC(=C3)C(=O)O,MVCLSAMNMAWXFQ-UHFFFAOYSA-N,81146
NSC48300,NA,NA,NA,NA,NA,NA,NA,NSC48300,NA,NA,NA,C1=CC(=CC=C1CC2=CC=C(C=C2)[As](=O)(O)O)[As](=O)(O)O,LONYFCOVHHQLGM-UHFFFAOYSA-N,241158
NSC632839,NA,NA,NA,NA,NA,NSC632839,NA,NSC632839,NA,NA,NA,CC1=CC=C(C=C1)C=C2CNCC(=CC3=CC=C(C=C3)C)C2=O.Cl,ZOKZLTXPTLIWOJ-BYCVLTJGSA-N,5351362
NSC663284,NA,NA,NA,NSC663284,NA,NA,NA,NA,NA,NA,NA,C1COCCN1CCNC2=C(C(=O)C3=C(C2=O)N=CC=C3)Cl,BMKPVDQDJQWBPD-UHFFFAOYSA-N,379077
NSC95397,NA,NA,NA,NA,NA,NSC95397,NA,NSC95397,NA,NA,NA,C1=CC=C2C(=C1)C(=O)C(=C(C2=O)SCCO)SCCO,MAASHDQFQDDECQ-UHFFFAOYSA-N,262093
NU-7441,NU-7441,NA,NA,NA,NA,NA,NA,NA,NA,NA,NU-7441,C1COCCN1C2=CC(=O)C3=C(O2)C(=CC=C3)C4=CC=CC5=C4SC6=CC=CC=C56,JAMULYFATHSZJM-UHFFFAOYSA-N,11327430
NU6102,NA,NA,NA,NU6102,NA,NA,NA,NA,NA,NA,NA,C1CCC(CC1)COC2=NC(=NC3=C2NC=N3)NC4=CC=C(C=C4)S(=O)(=O)N,OWXORKPNCHJYOF-UHFFFAOYSA-N,4566
Nutlin-3,Nutlin-3a,Nutlin-3,NA,Nutlin 3a,NA,nutlin-3,NA,nutlin-3,NA,NA,NA,CC(C)OC1=C(C=CC(=C1)OC)C2=NC(C(N2C(=O)N3CCNC(=O)C3)C4=CC=C(C=C4)Cl)C5=CC=C(C=C5)Cl,BDUHCSBCVGXTJM-UHFFFAOYSA-N,216345
Nutlin-3a (-),NA,NA,NA,NA,NA,NA,NA,NA,NA,NA,Nutlin-3a (-),NA,NA,NA
NVP-231,NA,NA,NA,NA,NA,NA,NA,NVP-231,NA,NA,NA,NA,NA,4096211
NVP-ADW742,NA,NA,NA,NA,NA,NA,NA,NVP-ADW742,NA,NA,NA,NA,NA,9825149
NVP-BEZ235,NVP-BEZ235,NA,BEZ.235,BEZ235,NA,BEZ235,NA,NVP-BEZ235,NA,NA,BEZ235,CC(C)(C#N)C1=CC=C(C=C1)N2C3=C4C=C(C=CC4=NC=C3N(C2=O)C)C5=CC6=CC=CC=C6N=C5,JOGKUKXHTYWRGZ-UHFFFAOYSA-N,11977753
NVP-BSK805,NA,NA,NA,NA,NA,NA,NA,NVP-BSK805,NA,NA,NA,NA,NA,46398810
O-6-benzylguanine,NA,NA,NA,NA,NA,NA,NA,O-6-benzylguanine,NA,NA,NA,C1=CC=C(C=C1)COC2=NC(=NC3=C2NC=N3)N,KRWMERLEINMZFT-UHFFFAOYSA-N,4578
Obatoclax Mesylate,Obatoclax Mesylate,NA,NA,NA,NA,NA,NA,obatoclax,NA,NA,Obatoclax Mesylate,NA,NA,16681698
oligomycin a,NA,NA,NA,NA,NA,NA,oligomycin,oligomycin A,NA,NA,NA,CCC1CCC2C(C(C(C3(O2)CCC(C(O3)CC(C)O)C)C)OC(=O)C=CC(C(C(C(=O)C(C(C(C(=O)C(C(C(CC=CC=C1)C)O)(C)O)C)O)C)C)O)C)C,MNULEGDCPYONBU-QECWTJOCSA-N,5472285
Olomoucine II,NA,NA,NA,Olomoucine II,NA,NA,NA,NA,NA,NA,NA,NA,NA,10067756
omacetaxine mepesuccinate ,NA,NA,NA,NA,NA,NA,NA,omacetaxine mepesuccinate,NA,NA,NA,CC(C)(CCCC(CC(=O)OC)(C(=O)OC1C2C3=CC4=C(C=C3CCN5C2(CCC5)C=C1OC)OCO4)O)O,HYFHYPWGAURHIV-JFIAXGOJSA-N,285033
OSI-027,NA,NA,NA,NA,NA,NA,NA,OSI-027,NA,NA,OSI-027,COc1cccc2cc([nH]c12)-c1nc([C@@H]2CC[C@@H](CC2)C(O)=O)n2ncnc(N)c12,NA,44224160
OSI-906,OSI-906,NA,NA,NA,NA,NA,NA,linsitinib,NA,NA,NA,CC1(CC(C1)C2=NC(=C3N2C=CN=C3N)C4=CC5=C(C=C4)C=CC(=N5)C6=CC=CC=C6)O,PKCDDUHJAFVJJB-UHFFFAOYSA-N,11640390
OSI-930,NA,NA,NA,NA,NA,NA,NA,OSI-930,NA,NA,OSI-930,FC(F)(F)Oc1ccc(NC(=O)c2sccc2NCc2ccnc3ccccc23)cc1,NA,9868037
OSU-03012,OSU-03012,NA,NA,NA,NA,NA,NA,NA,NA,NA,OSU-03012,C1=CC=C2C(=C1)C=CC3=C2C=CC(=C3)C4=CC(=NN4C5=CC=C(C=C5)NC(=O)CN)C(F)(F)F,YULUCECVQOCQFQ-UHFFFAOYSA-N,10027278
ouabain,NA,NA,NA,NA,NA,NA,ouabain,ouabain,NA,NA,NA,C[C@@H]1O[C@@H](O[C@H]2C[C@@H](O)[C@]3(CO)C4[C@H](O)C[C@]5(C)[C@H](CC[C@]5(O)C4CC[C@]3(O)C2)C6=CC(=O)OC6)[C@H](O)[C@H](O)[C@H]1O,LPMXVESGRSUGHW-HBYQJFLCSA-N,439501
Oxaliplatin,NA,NA,NA,Oxaliplatin,NA,NA,NA,oxaliplatin,NA,NA,NA,C1CCC(C(C1)N)N.C(=O)(C(=O)[O-])[O-].[Pt+4],PCRKGXHIGVOZKB-BNTLRKBRSA-L,24197464
Oxamflatin,NA,NA,NA,Oxamflatin,NA,NA,NA,NA,NA,NA,NA,C1=CC=C(C=C1)S(=O)(=O)NC2=CC=CC(=C2)C#CC=CC(=O)NO,QRPSQQUYPMFERG-LFYBBSHMSA-N,5353852
pac-1,PAC-1,NA,NA,NA,NA,NA,NA,PAC-1,NA,NA,PAC-1,Oc1c(CC=C)cccc1C=NNC(=O)CN2CCN(Cc3ccccc3)CC2,NA,6851947
paclitaxel,Paclitaxel,Paclitaxel,paclitaxel,Paclitaxel,NA,NA,paclitaxel,paclitaxel,paclitaxel,Paclitaxel,Paclitaxel,CC(=O)O[C@@H]1C2=C(C)[C@H](C[C@@](O)([C@@H](OC(=O)c3ccccc3)[C@@H]4[C@@]5(CO[C@@H]5C[C@H](O)[C@@]4(C)C1=O)OC(=O)C)C2(C)C)OC(=O)[C@H](O)[C@@H](NC(=O)c6ccccc6)c7ccccc7,RCINICONZNJXQF-MZXODVADSA-N,36314
palmostatin B,NA,NA,NA,NA,NA,NA,NA,palmostatin B,NA,NA,NA,NA,NA,45100481
pandacostat,NA,NA,NA,NA,NA,pandacostat,NA,pandacostat,NA,NA,NA,C1=CC(=CC=C1C=CC(=O)NO)C(=O)NNC=C2C=CC(=O)C(=C2O)O,DQNFQTHSDKXSEE-YWSGDMFXSA-N,44543714
Panobinostat,NA,Panobinostat,NA,LBH589,NA,NA,NA,LBH-589,NA,NA,NA,CC1=C(C2=CC=CC=C2N1)CCNCC3=CC=C(C=C3)C=CC(=O)NO,FPOHNWQLNRZRFC-ZHACJKMWSA-N,6918837
parbendazole,NA,NA,NA,NA,NA,parbendazole,parbendazole,parbendazole,NA,NA,NA,CCCCC1=CC2=C(C=C1)N=C(N2)NC(=O)OC,YRWLZFXJFBZBEY-UHFFFAOYSA-N,26596
Parthenolide,Parthenolide,NA,NA,NA,NA,parthenolide,parthenolide,parthenolide,NA,NA,Parthenolide,CC1=CCCC2(C(O2)C3C(CC1)C(=C)C(=O)O3)C,KTEXNACQROZXEV-ZRPLFPEYSA-N,5420804
pazopanib,NA,NA,NA,NA,NA,NA,NA,pazopanib,NA,NA,NA,CC1=C(C=C(C=C1)NC2=NC=CC(=N2)N(C)C3=CC4=NN(C(=C4C=C3)C)C)S(=O)(=O)N,CUIHSIWYWATEQL-UHFFFAOYSA-N,10113978
Pazopanib,Pazopanib,NA,pazopanib,NA,NA,NA,NA,NA,NA,NA,Pazopanib,CC1=C(C=C(C=C1)NC2=NC=CC(=N2)N(C)C3=CC4=NN(C(=C4C=C3)C)C)S(=O)(=O)N.Cl,MQHIQUBXFFAOMK-UHFFFAOYSA-N,11525740
PD 153035,NA,NA,NA,NA,NA,NA,NA,PD 153035,NA,NA,NA,NA,NA,4705
PD-0325901,PD-0325901,PD-0325901,NA,NA,NA,NA,0317956-0000,NA,pd0325901,NA,PD-0325901,C1=CC(=C(C=C1I)F)NC2=C(C=CC(=C2F)F)C(=O)NOCC(CO)O,SUDAHWBOROXANE-SECBINFHSA-N,9826528
PD-0332991,PD-0332991,PD-0332991,NA,NA,NA,NA,NA,NA,NA,NA,PD-0332991,CC1=C(C(=O)N(C2=NC(=NC=C12)NC3=NC=C(C=C3)N4CCNCC4)C5CCCC5)C(=O)C,AHJRHEGDXFFMBM-UHFFFAOYSA-N,5330286
PD173074,PD-173074,NA,NA,NA,PD173074,NA,NA,NA,NA,NA,PD-173074,CCN(CC)CCCCNC1=NC2=NC(=C(C=C2C=N1)C3=CC(=CC(=C3)OC)OC)NC(=O)NC(C)(C)C,DXCUKNQANPLTEJ-UHFFFAOYSA-N,1401
PD318088,NA,NA,NA,NA,NA,NA,NA,PD318088,NA,NA,NA,NA,NA,10231331
PD98059,NA,NA,NA,PD98059,NA,NA,NA,NA,NA,NA,NA,COC1=CC=CC(=C1N)C2=CC(=O)C3=CC=CC=C3O2,QFWCYNPOPKQOKV-UHFFFAOYSA-N,4713
PDMP,NA,NA,NA,NA,NA,PDMP,NA,PDMP,NA,NA,NA,CCCCCCCCCC(=O)NC(CN1CCOCC1)C(C)C2=CC=CC=C2.Cl,XYHOHWPFEWJKOG-UHFFFAOYSA-N,114736
Pemetrexed,NA,NA,NA,Pemetrexed,NA,pemetrexed,NA,NA,NA,NA,NA,C1=CC(=CC=C1CCC2=CNC3=C2C(=O)N=C(N3)N)C(=O)NC(CCC(=O)O)C(=O)O,WBXPDJSOTKVWSJ-ZDUSSCGKSA-N,446556
PF-184,NA,NA,NA,NA,NA,NA,NA,PF-184,NA,NA,NA,NA,NA,NA
PF-3084014,NA,NA,NA,PF-3084014,NA,NA,NA,NA,NA,NA,NA,CCCC(C(=O)NC1=CN(C=N1)C(C)(C)CNCC(C)(C)C)NC2CCC3=CC(=CC(=C3C2)F)F,VFCRKLWBYMDAED-REWPJTCUSA-N,46224413
PF-3758309,NA,NA,NA,NA,NA,NA,NA,PF-3758309,NA,NA,NA,NA,NA,25227462
PF-3814735,NA,NA,NA,PF-3814735,NA,NA,NA,NA,NA,NA,NA,CC(=O)NCC(=O)N1C2CCC1C3=C2C=CC(=C3)NC4=NC=C(C(=N4)NC5CCC5)C(F)(F)F,RYYNGWLOYLRZLK-UHFFFAOYSA-N,49830590
PF-4691502,NA,NA,NA,PF-4691502,NA,NA,NA,NA,NA,NA,NA,CC1=C2C=C(C(=O)N(C2=NC(=N1)N)C3CCC(CC3)OCCO)C4=CN=C(C=C4)OC,XDLYKKIQACFMJG-UHFFFAOYSA-N,25033539
PF-4708671,PF-4708671,NA,NA,NA,NA,NA,NA,NA,NA,NA,PF-4708671,CCC1=CN=CN=C1N2CCN(CC2)CC3=NC4=C(N3)C=C(C=C4)C(F)(F)F,FBLPQCAQRNSVHB-UHFFFAOYSA-N,51371303
PF-4800567 hydrochloride,NA,NA,NA,NA,NA,NA,NA,PF-4800567 hydrochloride,NA,NA,NA,NA,NA,71751553
PF-543,NA,NA,NA,NA,NA,NA,NA,PF-543,NA,NA,NA,Cc1cc(CS(=O)(=O)c2ccccc2)cc(OCc2ccc(CN3CCC[C@@H]3CO)cc2)c1,NA,66577038
PF-562271,PF-562271,NA,NA,NA,NA,NA,NA,NA,NA,NA,PF-562271,CN(C1=C(C=CC=N1)CNC2=NC(=NC=C2C(F)(F)F)NC3=CC4=C(C=C3)NC(=O)C4)S(=O)(=O)C,MZDKLVOWGIOKTN-UHFFFAOYSA-N,11713159
PF-573228,NA,NA,NA,NA,NA,NA,NA,PF-573228,NA,NA,NA,NA,NA,11612883
PF-750,NA,NA,NA,NA,NA,PF-750,NA,PF-750,NA,NA,NA,C1CN(CCC1CC2=CC3=CC=CC=C3N=C2)C(=O)NC4=CC=CC=C4,BIODYGOZWZNCAG-UHFFFAOYSA-N,25154868
PFI-1,NA,NA,NA,NA,NA,NA,NA,NA,NA,NA,PFI-1,NA,NA,71271629
PHA-665752,PHA-665752,PHA-665752,NA,NA,NA,NA,PHA-00665752,NA,NA,NA,PHA-665752,CC1=C(NC(=C1C(=O)N2CCCC2CN3CCCC3)C)C=C4C5=C(C=CC(=C5)S(=O)(=O)CC6=C(C=CC=C6Cl)Cl)NC4=O,OYONTEXKYJZFHA-SSHUPFPWSA-N,10461815
PHA-793887,NA,NA,NA,NA,NA,NA,NA,PHA-793887,NA,NA,PHA-793887,CC(C)CC(=O)Nc1n[nH]c2c1CN(C(=O)C1CCN(C)CC1)C2(C)C,NA,46191454
phenformin,NA,NA,NA,NA,NA,NA,phenformin,NA,NA,NA,Phenformin,NC(=N)NC(=N)NCCc1ccccc1,ICFJFFQQTFMIBG-UHFFFAOYSA-N,8249
phloretin,NA,NA,NA,NA,NA,phloretin,NA,phloretin,NA,NA,NA,CC(=O)C1=C(C=C(C=C1O)OC)O,GKSGTWUNURZTKD-UHFFFAOYSA-N,24135
PI-103,NA,NA,NA,NA,NA,PI-103,NA,PI-103,NA,NA,PI-103,C1COCCN1C2=NC(=NC3=C2OC4=C3C=CC=N4)C5=CC(=CC=C5)O,TUVCWJQQGGETHL-UHFFFAOYSA-N,9884685
pifithrin-alpha,NA,NA,NA,NA,NA,pifithrin-alpha,NA,pifithrin-alpha,NA,NA,NA,CC1=CC=C(C=C1)C(=O)C[N+]2=C(SC3=C2CCCC3)N.[Br-],HAGVCKULCLQGRF-UHFFFAOYSA-N,57458948
pifithrin-mu,NA,NA,NA,NA,NA,pifithrin-mu,NA,pifithrin-mu,NA,NA,NA,C1=CC=C(C=C1)C#CS(=O)(=O)N,ZZUZYEMRHCMVTB-UHFFFAOYSA-N,327653
PIK-93,NA,NA,NA,NA,NA,NA,NA,PIK-93,NA,NA,PIK-93,NA,NA,6852167
piperlongumine,NA,NA,NA,NA,NA,piperlongumine,piperlongumine,piperlongumine,NA,NA,piperlongumine,COC1=CC(=CC(=C1OC)OC)C=CC(=O)N2CCC=CC2=O,VABYUUZNAVQNPG-BQYQJAHWSA-N,637858
piperlongumine:MST-312 (1:1 mol/mol),NA,NA,NA,NA,NA,NA,NA,piperlongumine:MST-312 (1:1 mol/mol),NA,NA,NA,NA,NA,NA
pitstop2,NA,NA,NA,NA,NA,NA,NA,pitstop2,NA,NA,NA,NA,NA,NA
PL-DI,NA,NA,NA,NA,NA,PL-DI,NA,PL-DI,NA,NA,NA,CCCCCCCCCCCCCC(=O)OCC(COP(=O)([O-])OCC[N+](C)(C)C)OC(=O)CCCCCCCCCCCNC1=C(C=C(C=C1)[N+](=O)[O-])N=[N+]=[N-],JBBYCBXVYZDRPE-PSXMRANNSA-N,3035652
Platin,NA,NA,NA,NA,NA,NA,NA,Platin,NA,NA,NA,NA,NA,23939
pluripotin,NA,NA,NA,NA,NA,pluripotin,NA,pluripotin,NA,NA,NA,NA,NA,12003241
PLX-4032,NA,NA,NA,NA,NA,NA,NA,PLX-4032,NA,NA,NA,CCCS(=O)(=O)NC1=C(C(=C(C=C1)F)C(=O)C2=CNC3=NC=C(C=C23)C4=CC=C(C=C4)Cl)F,GPXBXXGIAQBQNI-UHFFFAOYSA-N,42611257
PLX4720,PLX4720,PLX4720,NA,NA,NA,NA,NA,PLX-4720,NA,NA,PLX4720,CCCS(=O)(=O)NC1=C(C(=C(C=C1)F)C(=O)C2=CNC3=NC=C(C=C23)Cl)F,YZDJQTHVDDOVHR-UHFFFAOYSA-N,24180719
prima-1,NA,NA,NA,NA,NA,PRIMA-1,NA,PRIMA-1,NA,NA,NA,C1CN2CCC1C(=O)C2(CO)CO,RFBVBRVVOPAAFS-UHFFFAOYSA-N,322968
PRIMA-1-Met,NA,NA,NA,NA,NA,PRIMA-1-Met,NA,PRIMA-1-Met,NA,NA,NA,COCC1(C(=O)C2CCN1CC2)CO,BGBNULCRKBVAKL-UHFFFAOYSA-N,52918385
PRL-3 Inhibitor I,NA,NA,NA,NA,NA,PRL-3 Inhibitor I,NA,PRL-3 inhibitor I,NA,NA,NA,Brc1ccc(OCc2ccccc2Br)c(/C=C\3/SC(=S)NC3=O)c1,NA,11983303
procarbazine,NA,NA,NA,NA,NA,NA,procarbazine,procarbazine,NA,NA,NA,CNNCc1ccc(cc1)C(=O)NC(C)C,CPTBDICYNRMXFX-UHFFFAOYSA-N,4915
prochlorperazine,NA,NA,NA,NA,NA,NA,prochlorperazine,prochlorperazine,NA,NA,NA,CN1CCN(CCCN2c3ccccc3Sc4ccc(Cl)cc24)CC1,WIKYUJGCLQQFNW-UHFFFAOYSA-N,4917
purmorphamine,NA,NA,NA,NA,NA,purmorphamine,NA,purmorphamine,NA,NA,NA,C1CCC(CC1)N2C=NC3=C2N=C(N=C3NC4=CC=C(C=C4)N5CCOCC5)OC6=CC=CC7=CC=CC=C76,FYBHCRQFSFYWPY-UHFFFAOYSA-N,5284329
Purvalanol A,NA,NA,NA,Purvalanol A,NA,NA,NA,NA,NA,NA,NA,CC(C)[C@H](CO)Nc1nc(Nc2cccc(Cl)c2)c3ncn(C(C)C)c3n1,NA,456214
PX-12,NA,NA,NA,NA,NA,PX-12,NA,PX-12,NA,NA,NA,CCC(C)SSC1=NC=CN1,BPBPYQWMFCTCNG-UHFFFAOYSA-N,219104
PYR-41,NA,NA,NA,NA,NA,NA,NA,PYR-41,NA,NA,NA,CCOC(=O)C1=CC=C(C=C1)N2C(=O)C(=CC3=CC=C(O3)[N+](=O)[O-])C(=O)N2,ARGIPZKQJGFSGQ-LCYFTJDESA-N,5335621
pyrazolanthrone,NA,NA,NA,NA,NA,NA,NA,pyrazolanthrone,NA,NA,NA,C1=CC=C2C(=C1)C3=NNC4=CC=CC(=C43)C2=O,ACPOUJIDANTYHO-UHFFFAOYSA-N,8515
Pyrimethamine,Pyrimethamine,NA,NA,NA,NA,NA,pyrimethamine,NA,NA,NA,Pyrimethamine,CCC1=C(C(=NC(=N1)N)N)C2=CC=C(C=C2)Cl,WKSAUQYGYAYLPV-UHFFFAOYSA-N,4993
QL-VIII-58,NA,NA,NA,NA,NA,NA,NA,NA,NA,NA,QL-VIII-58,NA,NA,NA
QL-X-138,NA,NA,NA,NA,NA,NA,NA,NA,NA,NA,QL-X-138,NA,NA,NA
QL-XI-92,NA,NA,NA,NA,NA,NA,NA,NA,NA,NA,QL-XI-92,NA,NA,NA
QL-XII-47,NA,NA,NA,NA,NA,NA,NA,NA,NA,NA,QL-XII-47,NA,NA,NA
QL-XII-61,NA,NA,NA,NA,NA,NA,NA,NA,NA,NA,QL-XII-61,NA,NA,NA
QS11,QS11,NA,NA,NA,NA,QS-11,NA,QS-11,NA,NA,QS11,C1CC2=C(C1)C=C(C=C2)OC3=NC4=C(C(=N3)NC(CC5=CC=CC=C5)CO)N=CN4CC6=CC=C(C=C6)C7=CC=CC=C7,DOKZLKDGUQWMSX-HKBQPEDESA-N,42623900
quizartinib,NA,NA,NA,NA,NA,NA,NA,quizartinib,NA,NA,NA,CC(C)(C)c1cc(NC(=O)Nc2ccc(cc2)-c2cn3c(n2)sc2cc(OCCN4CCOCC4)ccc32)no1,NA,24889392
QW-BI-011,NA,NA,NA,NA,NA,NA,NA,QW-BI-011,NA,NA,NA,COC(=O)c1ccc2n(CCCc3ccccc3)c(NC(=O)c4ccccc4)nc2c1,NA,NA
R428,NA,NA,NA,NA,NA,NA,NA,R428,NA,NA,NA,NA,NA,46215462
RAF265,NA,RAF265,NA,NA,NA,NA,NA,RAF265,NA,NA,NA,CN1C2=C(C=C(C=C2)OC3=CC(=NC=C3)C4=NC=C(N4)C(F)(F)F)N=C1NC5=CC=C(C=C5)C(F)(F)F,YABJJWZLRMPFSI-UHFFFAOYSA-N,11656518
Rapamycin,Rapamycin,NA,NA,Rapamycin,NA,NA,sirolimus,sirolimus,rapamycin,NA,Rapamycin,CC1CCC2CC(C(=CC=CC=CC(CC(C(=O)C(C(C(=CC(C(=O)CC(OC(=O)C3CCCCN3C(=O)C(=O)C1(O2)O)C(C)CC4CCC(C(C4)OC)O)C)C)O)OC)C)C)C)OC,QFJCIRLUMZQUOT-HPLJOQBZSA-N,5284616
RDEA119,RDEA119,NA,NA,NA,NA,NA,NA,NA,NA,NA,RDEA119,COC1=CC(=C(C(=C1NS(=O)(=O)C2(CC2)CC(CO)O)NC3=C(C=C(C=C3)I)F)F)F,RDSACQWTXKSHJT-NSHDSACASA-N,44182295
regorafenib,NA,NA,NA,NA,NA,NA,NA,regorafenib,NA,NA,NA,NA,NA,11167602
Repligen 136,NA,NA,NA,NA,NA,NA,NA,Repligen 136,NA,NA,NA,NA,NA,NA
RG-108,NA,NA,NA,NA,NA,RG-108,NA,RG-108,NA,NA,NA,C1=CC=C2C(=C1)C(=O)N(C2=O)C(CC3=CNC4=CC=CC=C43)C(=O)O,HPTXLHAHLXOAKV-UHFFFAOYSA-N,344265
rigosertib,NA,NA,NA,NA,NA,NA,NA,rigosertib,NA,NA,NA,NA,NA,6918736
RITA,NA,NA,NA,NA,NA,RITA,NA,RITA,NA,NA,NA,C1=C(SC(=C1)C2=CC=C(O2)C3=CC=C(S3)CO)CO,KZENBFUSKMWCJF-UHFFFAOYSA-N,374536
RO-3306,RO-3306,NA,NA,NA,NA,NA,NA,NA,NA,NA,RO-3306,C1=CC2=C(C=CC(=C2)C=C3C(=O)N=C(S3)NCC4=CC=CS4)N=C1,XOLMRFUGOINFDQ-UHFFFAOYSA-N,71433937
RO4929097,NA,NA,NA,NA,NA,NA,NA,RO4929097,NA,NA,NA,NA,NA,49867930
Roscovitine,Roscovitine,NA,NA,NA,NA,NA,NA,NA,NA,NA,Roscovitine,CCC(CO)NC1=NC2=C(C(=N1)NCC3=CC=CC=C3)N=CN2C(C)C,BTIHMVBBUGXLCJ-OAHLLOKOSA-N,160355
rTRAIL,NA,NA,NA,NA,NA,NA,NA,NA,NA,NA,rTRAIL,NA,NA,NA
ruxolitinib,NA,NA,NA,NA,NA,NA,NA,ruxolitinib,NA,NA,Ruxolitinib,N#CC[C@H](C1CCCC1)n1cc(cn1)-c1ncnc2[nH]ccc12,NA,25126798
S-Trityl-L-cysteine,S-Trityl-L-cysteine,NA,NA,NA,NA,NA,NA,NA,NA,NA,S-Trityl-L-cysteine,C1=CC=C(C=C1)C(C2=CC=CC=C2)(C3=CC=CC=C3)SCC(C(=O)[O-])[NH3+],DLMYFMLKORXJPO-FQEVSTJZSA-N,7058066
salermide,NA,NA,NA,NA,NA,salermide,NA,salermide,NA,NA,NA,CC(C1=CC=CC=C1)C(=O)NC2=CC=CC(=C2)NC=C3C(=O)C=CC4=CC=CC=C43,UADRPWLRVLBVBC-UHFFFAOYSA-N,53393948
salermide:PLX-4032 (12:1 mol/mol),NA,NA,NA,NA,NA,NA,NA,salermide:PLX-4032 (12:1 mol/mol),NA,NA,NA,NA,NA,NA
Salubrinal,Salubrinal,NA,NA,NA,NA,NA,NA,NA,NA,NA,Salubrinal,C1=CC=C(C=C1)C=CC(=O)NC(C(Cl)(Cl)Cl)NC(=S)NC2=CC=CC3=C2N=CC=C3,LCOIAYJMPKXARU-VAWYXSNFSA-N,5717801
SB 216763,SB 216763,NA,NA,NA,NA,NA,NA,NA,NA,NA,SB 216763,Cn1cc(C2=C(C(=O)NC2=O)c3ccc(Cl)cc3Cl)c4ccccc14,NA,176158
SB 505124,NA,NA,NA,NA,NA,NA,NA,NA,NA,NA,SB 505124,NA,NA,9858940
SB-225002,NA,NA,NA,NA,NA,SB-225002,NA,SB-225002,NA,NA,NA,C1=CC=C(C(=C1)NC(=O)NC2=C(C=C(C=C2)[N+](=O)[O-])O)Br,MQBZVUNNWUIPMK-UHFFFAOYSA-N,3854666
SB-3CT,NA,NA,NA,SB-3CT,NA,NA,NA,NA,NA,NA,NA,C1C(S1)CS(=O)(=O)C2=CC=C(C=C2)OC3=CC=CC=C3,LSONWRHLFZYHIN-UHFFFAOYSA-N,9883002
SB-431542,NA,NA,NA,NA,NA,NA,NA,SB-431542,NA,NA,NA,NC(=O)c1ccc(cc1)c2nc(c([nH]2)c3ccccn3)c4ccc5OCOc5c4,NA,4521392
SB-525334,NA,NA,NA,NA,NA,NA,NA,SB-525334,NA,NA,NA,Cc1cccc(n1)-c1[nH]c(nc1-c1ccc2nccnc2c1)C(C)(C)C,NA,9967941
SB-743921,NA,NA,NA,NA,NA,NA,NA,SB-743921,NA,NA,NA,NA,NA,9936388
SB52334,NA,NA,NA,NA,NA,NA,NA,NA,NA,NA,SB52334,NA,NA,NA
SB590885,SB590885,NA,NA,NA,NA,NA,NA,NA,NA,NA,SB590885,CN(C)CCOC1=CC=C(C=C1)C2=NC(=C3C=CC4=C(CCC4=C3)N=O)C(=C5C=CNC=C5)N2,DPCXEUSDRQOOGZ-QLYXXIJNSA-N,11316960
SCH-529074,NA,NA,NA,NA,NA,SCH-529074,NA,SCH-529074,NA,NA,NA,CN(C)CCCNC1=NC(=NC2=CC=CC=C21)CN3CCN(CC3)C(C4=CC=C(C=C4)Cl)C5=CC=C(C=C5)Cl,NCAJLQDPTZBGJV-UHFFFAOYSA-N,12001922
SCH-79797,NA,NA,NA,NA,NA,SCH-79797,NA,SCH-79797,NA,NA,NA,CC(C)C1=CC=C(C=C1)CN2C=CC3=C2C=CC4=C3C(=NC(=N4)NC5CC5)N.Cl.Cl,NNJTXSQXGHYXAJ-UHFFFAOYSA-N,45073452
selumetinib:BRD-A02303741 (4:1 mol/mol),NA,NA,NA,NA,NA,NA,NA,selumetinib:BRD-A02303741 (4:1 mol/mol),NA,NA,NA,NA,NA,NA
selumetinib:decitabine (4:1 mol/mol),NA,NA,NA,NA,NA,NA,NA,selumetinib:decitabine (4:1 mol/mol),NA,NA,NA,NA,NA,NA
selumetinib:GDC-0941 (4:1 mol/mol),NA,NA,NA,NA,NA,NA,NA,selumetinib:GDC-0941 (4:1 mol/mol),NA,NA,NA,NA,NA,NA
selumetinib:JQ-1 (4:1 mol/mol),NA,NA,NA,NA,NA,NA,NA,selumetinib:JQ-1 (4:1 mol/mol),NA,NA,NA,NA,NA,NA
selumetinib:MK-2206 (8:1 mol/mol),NA,NA,NA,NA,NA,NA,NA,selumetinib:MK-2206 (8:1 mol/mol),NA,NA,NA,NA,NA,NA
selumetinib:navitoclax (8:1 mol/mol),NA,NA,NA,NA,NA,NA,NA,selumetinib:navitoclax (8:1 mol/mol),NA,NA,NA,NA,NA,NA
selumetinib:piperlongumine (8:1 mol/mol),NA,NA,NA,NA,NA,NA,NA,selumetinib:piperlongumine (8:1 mol/mol),NA,NA,NA,NA,NA,NA
selumetinib:PLX-4032 (8:1 mol/mol),NA,NA,NA,NA,NA,NA,NA,selumetinib:PLX-4032 (8:1 mol/mol),NA,NA,NA,NA,NA,NA
selumetinib:tretinoin (2:1 mol/mol),NA,NA,NA,NA,NA,NA,NA,selumetinib:tretinoin (2:1 mol/mol),NA,NA,NA,NA,NA,NA
selumetinib:UNC0638 (4:1 mol/mol),NA,NA,NA,NA,NA,NA,NA,selumetinib:UNC0638 (4:1 mol/mol),NA,NA,NA,NA,NA,NA
selumetinib:vorinostat (8:1 mol/mol),NA,NA,NA,NA,NA,NA,NA,selumetinib:vorinostat (8:1 mol/mol),NA,NA,NA,NA,NA,NA
semagacestat,NA,NA,NA,NA,NA,NA,NA,semagacestat,NA,NA,NA,NA,NA,9843750
serdemetan,NA,NA,NA,NA,NA,serdemetan,NA,NA,NA,NA,NA,C(Cc1c[nH]c2ccccc12)Nc1cccc(Nc2ccncc2)c1,NA,11609586
serdemetan:SCH-529074 (1:1 mol/mol),NA,NA,NA,NA,NA,NA,NA,serdemetan:SCH-529074 (1:1 mol/mol),NA,NA,NA,NA,NA,NA
SGC0946,NA,NA,NA,NA,NA,NA,NA,NA,NA,NA,SGC0946,NA,NA,56962337
SGX-523,NA,NA,NA,NA,NA,NA,NA,SGX-523,NA,NA,NA,Cn1cc(cn1)-c1ccc2nnc(Sc3ccc4ncccc4c3)n2n1,NA,24779724
shikonin,Shikonin,NA,NA,NA,NA,NA,NA,NA,NA,NA,Shikonin,NA,NA,479503
SID 26681509,NA,NA,NA,NA,NA,SID 26681509,NA,SID 26681509,NA,NA,NA,CCc1ccccc1NC(=O)CSC(=O)NNC(=O)[C@@H](Cc2c[nH]c3ccccc23)NC(=O)OC(C)(C)C,NA,16725315
Sigma AKT1-2 inhibitor,NA,NA,NA,Sigma AKT1-2 inhibitor,NA,NA,NA,NA,NA,NA,NA,NA,NA,NA
Sildenafil,NA,NA,NA,NA,NA,sildenafil,NA,sildenafil,NA,NA,NA,CCCC1=NN(C2=C1NC(=NC2=O)C3=C(C=CC(=C3)S(=O)(=O)N4CCN(CC4)C)OCC)C,BNRNXUUZRGQAQC-UHFFFAOYSA-N,5212
silmitasertib,NA,NA,NA,NA,NA,NA,NA,silmitasertib,NA,NA,NA,NA,NA,24748573
simvastatin,NA,NA,NA,NA,NA,simvastatin,simvastatin,simvastatin,NA,NA,NA,CCC(C)(C)C(=O)O[C@H]1C[C@@H](C)C=C2C=C[C@H](C)[C@H](CC[C@@H]3C[C@@H](O)CC(=O)O3)[C@@H]12,RYMZZMVNJRMUDD-HGQWONQESA-N,54454
sirolimus:bortezomib (250:1 mol/mol),NA,NA,NA,NA,NA,NA,NA,sirolimus:bortezomib (250:1 mol/mol),NA,NA,NA,NA,NA,NA
sitagliptin,NA,NA,NA,NA,NA,NA,NA,sitagliptin,NA,NA,NA,N[C@@H](CC(=O)N1CCn2c(nnc2C1)C(F)(F)F)Cc3cc(F)c(F)cc3F,NA,4369359
SJ-172550,NA,NA,NA,NA,NA,SJ-172550,NA,SJ-172550,NA,NA,NA,CCOC1=C(C(=CC(=C1)C=C2C(=NN(C2=O)C3=CC=CC=C3)C)Cl)OCC(=O)OC,RKKFQJXGAQWHBZ-LICLKQGHSA-N,1317464
skepinone-L,NA,NA,NA,NA,NA,NA,NA,skepinone-L,NA,NA,NA,NA,NA,45279963
SKI-II,NA,NA,NA,NA,NA,SKI-II,NA,SKI-II,NA,NA,NA,C1=CC(=CC=C1C2=CSC(=N2)NC3=CC=C(C=C3)O)Cl,ZFGXZJKLOFCECI-UHFFFAOYSA-N,753704
SL 0101-1,SL 0101-1,NA,NA,NA,NA,NA,NA,NA,NA,NA,SL 0101-1,NA,NA,46782929
SMER-3,NA,NA,NA,NA,NA,NA,NA,SMER-3,NA,NA,NA,NA,NA,568763
SN-38,NA,NA,NA,NA,NA,SN-38,NA,SN-38,NA,NA,SN-38,CCC1=C2C=C(C=CC2=NC3=C1CN4C3=CC5=C(C4=O)COC(=O)C5(CC)O)O,FJHBVJOVLFPMQE-QFIPXVFZSA-N,104842
SNS-032,NA,NA,NA,NA,NA,NA,NA,SNS-032,NA,NA,NA,NA,NA,3025986
SNX-2112,NA,NA,NA,NA,NA,SNX-2112,NA,SNX-2112,NA,NA,SNX-2112,CC1(CC2=C(C(=O)C1)C(=NN2C3=CC(=C(C=C3)C(=O)N)NC4CCC(CC4)O)C(F)(F)F)C,ZFVRYNYOPQZKDG-UHFFFAOYSA-N,24772860
SNX-2112:bortezomib (250:1 mol/mol),NA,NA,NA,NA,NA,NA,NA,SNX-2112:bortezomib (250:1 mol/mol),NA,NA,NA,NA,NA,NA
Sorafenib,Sorafenib,Sorafenib,NA,Sorafenib,NA,NA,NA,sorafenib,NA,NA,Sorafenib,CNC(=O)C1=NC=CC(=C1)OC2=CC=C(C=C2)NC(=O)NC3=CC(=C(C=C3)Cl)C(F)(F)F,MLDQJTXFUGDVEO-UHFFFAOYSA-N,216239
sotrastaurin,NA,NA,NA,NA,NA,NA,NA,sotrastaurin,NA,NA,NA,NA,NA,10296883
spautin-1,NA,NA,NA,NA,NA,NA,NA,spautin-1,NA,NA,NA,NA,NA,51037431
SR-II-138A,NA,NA,NA,NA,NA,SR-II-138A,NA,SR-II-138A,NA,NA,NA,NA,NA,NA
SR1001,NA,NA,NA,NA,NA,NA,NA,SR1001,NA,NA,NA,NA,NA,44241473
SR8278,NA,NA,NA,NA,NA,NA,NA,SR8278,NA,NA,NA,NA,NA,53393127
SRT-1720,NA,NA,NA,NA,NA,NA,NA,SRT-1720,NA,NA,NA,O=C(Nc1cc(CN2CCNCC2)cc(c1)-c1nc2ccccc2[nH]1)c1cnc2ccccc2n1,NA,24180125
staurosporine,NA,NA,NA,NA,NA,NA,staurosporine,staurosporine,NA,NA,NA,CN[C@@H]1C[C@H]2O[C@@](C)([C@@H]1OC)n3c4ccccc4c5c6CNC(=O)c6c7c8ccccc8n2c7c35,HKSZLNNOFSGOKW-FYTWVXJKSA-N,44259
StemRegenin 1,NA,NA,NA,NA,NA,NA,NA,StemRegenin 1,NA,NA,NA,NA,NA,46199207
STF-31,NA,NA,NA,NA,NA,NA,NA,STF-31,NA,NA,NA,NA,NA,984333
STF-62247,NA,NA,NA,NA,NA,NA,NA,NA,NA,NA,STF-62247,Cc1cccc(Nc2nc(cs2)c3ccncc3)c1,NA,704473
SU11274,NA,NA,NA,NA,NA,NA,NA,SU11274,NA,NA,NA,CN(c1cccc(Cl)c1)S(=O)(=O)c1ccc2NC(=O)\C(=C/c3[nH]c(C)c(C(=O)N4CCN(C)CC4)c3C)c2c1,NA,9549297
Sunitinib,Sunitinib,NA,NA,NA,NA,NA,NA,sunitinib,NA,NA,Sunitinib,CCN(CC)CCNC(=O)C1=C(NC(=C1C)C=C2C3=C(C=CC(=C3)F)NC2=O)C,WINHZLLDWRZWRT-ATVHPVEESA-N,5329102
Sunitinib Malate,NA,NA,NA,Sunitinib Malate,NA,NA,NA,NA,NA,NA,NA,NA,NA,6456015
SZ4TA2,NA,NA,NA,NA,NA,NA,NA,SZ4TA2,NA,NA,NA,NA,NA,11657048
T0901317,NA,NA,NA,NA,NA,NA,NA,NA,NA,NA,T0901317,OC(c1ccc(cc1)N(CC(F)(F)F)S(=O)(=O)c2ccccc2)(C(F)(F)F)C(F)(F)F,NA,447912
tacedinaline,NA,NA,NA,NA,NA,NA,NA,tacedinaline,NA,NA,NA,CC(=O)Nc1ccc(cc1)C(=O)Nc2ccccc2N,NA,2746
tacrolimus,NA,NA,NA,NA,NA,tacrolimus,tacrolimus,tacrolimus,NA,NA,NA,CC1CC(C2C(CC(C(O2)(C(=O)C(=O)N3CCCCC3C(=O)OC(C(C(CC(=O)C(C=C(C1)C)CC=C)O)C)C(=CC4CCC(C(C4)OC)O)C)O)C)OC)OC,QJJXYPPXXYFBGM-LFZNUXCKSA-N,445643
TAE684,NVP-TAE684,TAE684,NA,NA,NA,NA,NA,NVP-TAE684,NA,NA,TAE684,CC(C)S(=O)(=O)C1=CC=CC=C1NC2=NC(=NC=C2Cl)NC3=C(C=C(C=C3)N4CCC(CC4)N5CCN(CC5)C)OC,QQWUGDVOUVUTOY-UHFFFAOYSA-N,16038120
TAK-715,NA,NA,NA,NA,NA,NA,NA,NA,NA,NA,TAK-715,CCc1nc(c(s1)-c1ccnc(NC(=O)c2ccccc2)c1)-c1cccc(C)c1,NA,9952773
Talazoparib,NA,NA,NA,NA,NA,NA,NA,NA,NA,NA,Talazoparib,NA,NA,44819241
tamatinib,NA,NA,NA,NA,NA,tamatinib,NA,tamatinib,NA,NA,NA,CC1(C(=O)NC2=C(O1)C=CC(=N2)NC3=NC(=NC=C3F)NC4=CC(=C(C(=C4)OC)OC)OC)C,NHHQJBCNYHBUSI-UHFFFAOYSA-N,11213558
Tamoxifen,NA,NA,NA,Tamoxifen,NA,tamoxifen,tamoxifen,tamoxifen,NA,NA,Tamoxifen,[H+].[H+].[H+].CCC(=C(C1=CC=CC=C1)C2=CC=C(C=C2)OCCN(C)C)C3=CC=CC=C3.C(C(=O)[O-])C(CC(=O)[O-])(C(=O)[O-])O,FQZYTYWMLGAPFJ-OQKDUQJOSA-N,25010734
tandutinib,NA,NA,NA,NA,NA,NA,NA,tandutinib,NA,NA,NA,COc1cc2c(ncnc2cc1OCCCN3CCCCC3)N4CCN(CC4)C(=O)Nc5ccc(OC(C)C)cc5,NA,3038522
tanespimycin:bortezomib (250:1 mol/mol),NA,NA,NA,NA,NA,NA,NA,tanespimycin:bortezomib (250:1 mol/mol),NA,NA,NA,NA,NA,NA
tanespimycin:gemcitabine (1:1 mol/mol),NA,NA,NA,NA,NA,NA,NA,tanespimycin:gemcitabine (1:1 mol/mol),NA,NA,NA,NA,NA,NA
TCS PIM-11,NA,NA,NA,TCS PIM-11,NA,NA,NA,NA,NA,NA,NA,NA,NA,1235170
TCS2312 dihydrochloride,NA,NA,NA,TCS2312 dihydrochloride,NA,NA,NA,NA,NA,NA,NA,NA,NA,NA
temozolomide,NA,NA,NA,NA,NA,NA,NA,temozolomide,NA,NA,Temozolomide,CN1C(=O)N2C=NC(=C2N=N1)C(=O)N,BPEGJWRSRHCHSN-UHFFFAOYSA-N,5394
temsirolimus,Temsirolimus,NA,temsirolimus,Temsirolimus,NA,NA,NA,temsirolimus,NA,NA,Temsirolimus,CC1CCC2CC(C(=CC=CC=CC(CC(C(=O)C(C(C(=CC(C(=O)CC(OC(=O)C3CCCCN3C(=O)C(=O)C1(O2)O)C(C)CC4CCC(C(C4)OC)OC(=O)C(C)(CO)CO)C)C)O)OC)C)C)C)OC,CBPNZQVSJQDFBE-FUXHJELOSA-N,6918289
Teniposide,NA,NA,NA,NA,NA,NA,NA,teniposide,NA,NA,NA,COC1=CC(=CC(=C1O)OC)C2C3C(COC3=O)C(C4=CC5=C(C=C24)OCO5)OC6C(C(C7C(O6)COC(O7)C8=CC=CS8)O)O,NRUKOCRGYNPUPR-QBPJDGROSA-N,452548
TG-100-115,NA,NA,NA,NA,NA,NA,NA,TG-100-115,NA,NA,NA,Nc1nc(N)c2nc(-c3cccc(O)c3)c(nc2n1)-c1cccc(O)c1,NA,10427712
TG-101348,NA,NA,NA,NA,NA,TG-101348,NA,TG-101348,NA,NA,TG101348,CC1=CN=C(N=C1NC2=CC(=CC=C2)S(=O)(=O)NC(C)(C)C)NC3=CC=C(C=C3)OCCN4CCCC4,JOOXLOJCABQBSG-UHFFFAOYSA-N,16722836
TGX221,TGX221,NA,TGX.221,NA,NA,NA,NA,TGX-221,NA,NA,TGX221,CC1=CN2C(=O)C=C(N=C2C(=C1)C(C)NC3=CC=CC=C3)N4CCOCC4,CPRAGQJXBLMUEL-UHFFFAOYSA-N,9907093
thalidomide,NA,NA,NA,NA,NA,NA,thalidomide,thalidomide,NA,NA,NA,O=C1N(C2CCC(=O)NC2=O)C(=O)c3ccccc13,UEJJHQNACJXSKW-UHFFFAOYSA-N,5426
thapsigargin,Thapsigargin,NA,NA,NA,NA,NA,thapsigargin,NA,thapsigargin,NA,Thapsigargin,CCCCCCCC(=O)O[C@@H]1[C@@H](OC(=O)/C(=C\C)/C)C(=C2[C@@H]3OC(=O)[C@@](C)(O)[C@@]3(O)[C@H](C[C@](C)(OC(=O)C)[C@@H]12)OC(=O)CCC)C,IXFPJGBNCFXKPI-FSIHEZPISA-N,446378
THZ-2-102-1,NA,NA,NA,NA,NA,NA,NA,NA,NA,NA,THZ-2-102-1,NA,NA,NA
THZ-2-49,NA,NA,NA,NA,NA,NA,NA,NA,NA,NA,THZ-2-49,NA,NA,NA
tigecycline,NA,NA,NA,NA,NA,NA,NA,tigecycline,NA,NA,NA,CN(C)[C@H]1[C@@H]2C[C@@H]3Cc4c(cc(NC(=O)CNC(C)(C)C)c(O)c4C(=O)C3C(=O)[C@]2(O)C(=O)C(C(N)=O)C1=O)N(C)C,NA,54686904
tipifarnib,NA,NA,NA,NA,NA,tipifarnib-P1,NA,tipifarnib-P2///tipifarnib-P1,NA,NA,NA,Cn1cncc1[C@](N)(c1ccc(Cl)cc1)c1ccc2n(C)c(=O)cc(-c3cccc(Cl)c3)c2c1,NA,159324
Tipifarnib,Tipifarnib,NA,NA,NA,NA,tipifarnib-P2,NA,NA,NA,NA,Tipifarnib,CN1C=NC=C1C(C2=CC=C(C=C2)Cl)(C3=CC4=C(C=C3)N(C(=O)C=C4C5=CC(=CC=C5)Cl)C)N,PLHJCIYEEKOWNM-HHHXNRCGSA-N,159324
tivantinib,NA,NA,NA,NA,NA,NA,NA,tivantinib,NA,NA,NA,O=C1NC(=O)[C@H]([C@@H]1c1c[nH]c2ccccc12)c1cn2CCCc3cccc1c23,NA,11494412
tivozanib,NA,NA,NA,NA,NA,tivozanib,NA,tivozanib,NA,NA,Tivozanib,CC1=CC(=NO1)NC(=O)NC2=C(C=C(C=C2)OC3=C4C=C(C(=CC4=NC=C3)OC)OC)Cl,SPMVMDHWKHCIDT-UHFFFAOYSA-N,9911830
TKI258,NA,TKI258,NA,NA,NA,NA,NA,NA,NA,NA,NA,CN1CCN(CC1)C2=CC3=C(C=C2)NC(=C4C(=C5C(=NC4=O)C=CC=C5F)N)N3,KCOYQXZDFIIGCY-ZZEZOPTASA-N,9886808
TL-1-85,NA,NA,NA,NA,NA,NA,NA,NA,NA,NA,TL-1-85,NA,NA,NA
TL-2-105,NA,NA,NA,NA,NA,NA,NA,NA,NA,NA,TL-2-105,NA,NA,NA
Topotecan,NA,Topotecan,NA,Topotecan,NA,NA,NA,topotecan,NA,NA,NA,CCC1(C2=C(COC1=O)C(=O)N3CC4=C(C3=C2)[NH+]=C5C=CC(=C(C5=C4)CN(C)C)O)O.[Cl-],DGHHQBMTXTWTJV-BQAIUKQQSA-N,11972519
tosedostat,NA,NA,NA,NA,NA,tosedostat,NA,tosedostat,NA,NA,NA,CC(C)CC(C(C(=O)NO)O)C(=O)NC(C1=CC=CC=C1)C(=O)OC2CCCC2,FWFGIHPGRQZWIW-SQNIBIBYSA-N,15547703
TPCA-1,NA,NA,NA,NA,NA,NA,NA,TPCA-1,NA,NA,TPCA-1,NC(=O)Nc1sc(cc1C(=O)N)c2ccc(F)cc2,NA,9903786
tretinoin:carboplatin (2:1 mol/mol),NA,NA,NA,NA,NA,NA,NA,tretinoin:carboplatin (2:1 mol/mol),NA,NA,NA,NA,NA,NA
tretinoin:navitoclax (4:1 mol/mol),NA,NA,NA,NA,NA,NA,NA,tretinoin:navitoclax (4:1 mol/mol),NA,NA,NA,NA,NA,NA
triazolothiadiazine,NA,NA,NA,NA,NA,NA,NA,triazolothiadiazine,NA,NA,NA,NA,NA,NA
Trichostatin.A,NA,NA,NA,Trichostatin A,NA,NA,NA,NA,NA,NA,NA,CC(\C=C(C)\C=C\C(=O)NO)C(=O)c1ccc(cc1)N(C)C,RTKIYFITIVXBLE-WKWSCTOISA-N,NA
triciribine,NA,NA,NA,Triciribine,NA,NA,NA,NA,NA,NA,NA,CN1C2=NC=NC3=C2C(=CN3C4C(C(C(O4)CO)O)O)C(=N1)N,HOGVTUZUJGHKPL-HTVVRFAVSA-N,65399
trifluoperazine,NA,NA,NA,NA,NA,trifluoperazine,trifluoperazine,trifluoperazine,NA,NA,NA,CN1CCN(CC1)CCCN2C3=CC=CC=C3SC4=C2C=C(C=C4)C(F)(F)F,ZEWQUBUPAILYHI-UHFFFAOYSA-N,5566
triptolide,NA,NA,NA,NA,NA,triptolide,NA,triptolide,NA,NA,NA,CC(C)C12C(O1)C3C4(O3)C5(CCC6=C(C5CC7C4(C2O)O7)COC6=O)C,DFBIRQPKNDILPW-CIVMWXNOSA-N,107985
tubastatin A,NA,NA,NA,NA,NA,tubastatin A,NA,tubastatin A,NA,NA,Tubastatin A,CN1CCc2c(C1)c1ccccc1n2Cc1ccc(cc1)C(=O)NO,NA,49850262
TW 37,TW 37,NA,NA,NA,NA,TW-37,NA,TW-37,NA,NA,TW 37,CC(C)C1=CC=CC=C1CC2=C(C(=C(C(=C2)C(=O)NC3=CC=C(C=C3)S(=O)(=O)C4=CC=CC=C4C(C)(C)C)O)O)O,PQAPVTKIEGUPRN-UHFFFAOYSA-N,11455910
Tykerb:IGF1R (1:1),NA,NA,NA,Tykerb:IGF1R (1:1),NA,NA,NA,NA,NA,NA,NA,NA,NA,NA
UNC0321,NA,NA,NA,NA,NA,UNC0321,NA,UNC0321,NA,NA,NA,CN1CCCN(CC1)C2=NC3=CC(=C(C=C3C(=N2)NC4CCN(CC4)C)OC)OCCOCCN(C)C,AULLUGALUBVBDD-UHFFFAOYSA-N,46901937
UNC0638,NA,NA,NA,NA,NA,UNC0638,NA,UNC0638,NA,NA,UNC0638,CC(C)N1CCC(CC1)NC2=NC(=NC3=CC(=C(C=C32)OC)OCCCN4CCCC4)C5CCCCC5,QOECJCJVIMVJGX-UHFFFAOYSA-N,46224516
UNC0638:navitoclax (1:1 mol/mol),NA,NA,NA,NA,NA,NA,NA,UNC0638:navitoclax (1:1 mol/mol),NA,NA,NA,NA,NA,NA
UNC1215,NA,NA,NA,NA,NA,NA,NA,NA,NA,NA,UNC1215,NA,NA,57339144
VAF-347,NA,NA,NA,NA,NA,NA,NA,VAF-347,NA,NA,NA,NA,NA,NA
valdecoxib,NA,NA,NA,NA,NA,valdecoxib,valdecoxib,valdecoxib,NA,NA,NA,CC1=C(C(=NO1)C2=CC=CC=C2)C3=CC=C(C=C3)S(=O)(=O)N,LNPDTQAFDNKSHK-UHFFFAOYSA-N,119607
Valproic.acid,NA,NA,NA,Valproic acid,NA,NA,valproic acid,NA,NA,NA,NA,CCCC(CCC)C(=O)O,NIJJYAXOARWZEE-UHFFFAOYSA-N,3121
Vandetanib,NA,Vandetanib,NA,NA,NA,NA,NA,vandetanib,NA,NA,NA,CN1CCC(CC1)COC2=C(C=C3C(=C2)N=CN=C3NC4=C(C=C(C=C4)Br)F)OC,UHTHHESEBZOYNR-UHFFFAOYSA-N,3081361
Velcade,NA,NA,NA,Velcade,NA,NA,NA,NA,NA,NA,NA,NA,NA,387447
VER-155008,NA,NA,NA,NA,NA,VER-155008,NA,VER-155008,NA,NA,NA,C1=CC(=CC=C1COCC2C(C(C(O2)N3C4=C(C(=NC=N4)N)N=C3NCC5=CC(=C(C=C5)Cl)Cl)O)O)C#N,ZXGGCBQORXDVTE-UMCMBGNQSA-N,25195348
Vinblastine,Vinblastine,NA,NA,NA,NA,NA,NA,NA,NA,NA,Vinblastine,CCC1(CC2CC(C3=C(CCN(C2)C1)C4=CC=CC=C4N3)(C5=C(C=C6C(=C5)C78CCN9C7C(C=CC9)(C(C(C8N6C)(C(=O)OC)O)OC(=O)C)CC)OC)C(=O)OC)O.OS(=O)(=O)O,KDQAABAKXDWYSZ-JKDPCDLQSA-N,241902
vincristine,NA,NA,NA,NA,NA,NA,NA,vincristine,NA,NA,NA,CCC1(O)CC2CN(C1)CCc3c([nH]c4ccccc34)C(C2)(C(=O)OC)c5cc6c(cc5OC)N(C=O)C7C86CCN9CC=CC(CC)(C98)C(C(=O)OC)C7(O)C(=O)OC,NA,5978
Vinorelbine,Vinorelbine,NA,NA,Vinorelbine,NA,NA,NA,NA,NA,NA,Vinorelbine,CCC1=CC2CC(C3=C(CN(C2)C1)C4=CC=CC=C4N3)(C5=C(C=C6C(=C5)C78CCN9C7C(C=CC9)(C(C(C8N6C)(C(=O)OC)O)OC(=O)C)CC)OC)C(=O)OC.C(C(C(=O)O)O)(C(=O)O)O,UUHYRRXICWUZHW-RPZOAHRESA-N,25136944
VNLG/124,NA,NA,NA,NA,NA,NA,NA,NA,NA,NA,VNLG/124,NA,NA,NA
vorapaxar,NA,NA,NA,NA,NA,NA,NA,vorapaxar,NA,NA,NA,NA,NA,10077130
Vorinostat,Vorinostat,NA,NA,Vorinostat,NA,vorinostat,vorinostat,vorinostat,vorinostat,NA,Vorinostat,C1=CC=C(C=C1)NC(=O)CCCCCCC(=O)NO,WAEXFXRVDQXREF-UHFFFAOYSA-N,5311
vorinostat:carboplatin (1:1 mol/mol),NA,NA,NA,NA,NA,NA,NA,vorinostat:carboplatin (1:1 mol/mol),NA,NA,NA,NA,NA,NA
vorinostat:navitoclax (4:1 mol/mol),NA,NA,NA,NA,NA,NA,NA,vorinostat:navitoclax (4:1 mol/mol),NA,NA,NA,NA,NA,NA
VU0155056,NA,NA,NA,NA,NA,NA,NA,VU0155056,NA,NA,NA,NA,NA,NA
VX-11e,NA,NA,NA,NA,NA,NA,NA,NA,NA,NA,VX-11e,NA,NA,11634725
VX-680,VX-680,NA,NA,VX-680,NA,tozasertib,NA,VX-680,NA,NA,VX-680,CC1=CC(=NN1)NC2=NC(=NC(=C2)N3CCN(CC3)C)SC4=CC=C(C=C4)NC(=O)C5CC5,GCIKSSRWRFVXBI-UHFFFAOYSA-N,5494449
VX-702,VX-702,NA,NA,NA,NA,NA,NA,NA,NA,NA,VX-702,C1=CC(=C(C(=C1)F)N(C2=NC(=C(C=C2)C(=O)N)C3=C(C=C(C=C3)F)F)C(=O)N)F,FYSRKRZDBHOFAY-UHFFFAOYSA-N,10341154
WAY-362450,NA,NA,NA,NA,NA,NA,NA,WAY-362450,NA,NA,NA,NA,NA,10026128
WH-4-023,WH-4-023,NA,NA,NA,NA,NA,NA,NA,NA,NA,WH-4-023,CC1=C(C(=CC=C1)C)OC(=O)N(C2=C(C=C(C=C2)OC)OC)C3=NC(=NC=C3)NC4=CC=C(C=C4)N5CCN(CC5)C,NBTNHSGBRGTFJS-UHFFFAOYSA-N,11844351
WP1130,NA,NA,NA,NA,NA,NA,NA,WP1130,NA,NA,NA,NA,NA,11222830
WZ-1-84,WZ-1-84,NA,NA,NA,NA,NA,NA,NA,NA,NA,WZ-1-84,NA,NA,NA
WZ3105,NA,NA,NA,NA,NA,NA,NA,NA,NA,NA,WZ3105,NA,NA,NA
WZ4002,NA,NA,NA,NA,NA,NA,NA,WZ4002,NA,NA,NA,COc1cc(ccc1Nc1ncc(Cl)c(Oc2cccc(NC(=O)C=C)c2)n1)N1CCN(C)CC1,NA,44607530
WZ8040,NA,NA,NA,NA,NA,NA,NA,WZ8040,NA,NA,NA,NA,NA,44607531
XAV-939,NA,NA,NA,NA,NA,XAV-939,NA,NA,NA,NA,XAV939,C1CSCC2=C1NC(=NC2=O)C3=CC=C(C=C3)C(F)(F)F,KLGQSVMIPOVQAX-UHFFFAOYSA-N,2726824
XL-184,NA,NA,NA,NA,NA,NA,NA,NA,NA,NA,XL-184,NA,NA,25102847
XL765,NA,NA,NA,NA,NA,NA,NA,XL765,NA,NA,NA,NA,NA,49867926
XMD11-85h,NA,NA,NA,NA,NA,NA,NA,NA,NA,NA,XMD11-85h,NA,NA,NA
XMD13-2,NA,NA,NA,NA,NA,NA,NA,NA,NA,NA,XMD13-2,NA,NA,NA
XMD14-99,NA,NA,NA,NA,NA,NA,NA,NA,NA,NA,XMD14-99,NA,NA,NA
XMD15-27,NA,NA,NA,NA,NA,NA,NA,NA,NA,NA,XMD15-27,NA,NA,NA
XMD8-85,XMD8-85,NA,NA,NA,NA,NA,NA,NA,NA,NA,XMD8-85,COc1cc(ccc1Nc1ncc2N(C)C(=O)c3ccccc3N(C)c2n1)N1CCN(C)CC1,NA,NA
XMD8-92,NA,NA,NA,NA,NA,NA,NA,NA,NA,NA,XMD8-92,CCOc1cc(ccc1Nc1ncc2N(C)C(=O)c3ccccc3N(C)c2n1)N1CCC(O)CC1,NA,46843772
XRP44X,NA,NA,NA,XRP44X,NA,NA,NA,NA,NA,NA,NA,CC1=NN(C(=C1)C(=O)N2CCN(CC2)C3=CC(=CC=C3)Cl)C4=CC=CC=C4,NPHPNBGYPKBDDB-UHFFFAOYSA-N,10339779
Y-39983,NA,NA,NA,NA,NA,NA,NA,NA,NA,NA,Y-39983,C[C@@H](N)c1ccc(cc1)C(=O)Nc1ccnc2[nH]ccc12,NA,9810884
YK 4-279,NA,NA,NA,NA,NA,YK 4-279,NA,YK 4-279,NA,NA,YK 4-279,COc1ccc(cc1)C(=O)CC1(O)C(=O)Nc2c1c(Cl)ccc2Cl,NA,NA
YL54,NA,NA,NA,NA,NA,NA,NA,YL54,NA,NA,NA,CC[C@H](C)[C@H](NC(=O)[C@H](CCCNC(N)=N)NC(=O)[C@H](CCCNC(N)=N)NC(=O)CCNC(C)=O)C(=O)N[C@]1(C)CCC\C=C/CCC[C@@](C)(NC(=O)[C@H](CC(C)C)NC(=O)[C@H](CC(C)C)NC(=O)[C@H](CCSC)NC1=O)C(=O)N[C@@H](C)C(=O)N[C@@H](C)C(=O)N[C@@H](CC(N)=O)C(=O)N[C@@H](CCCNC(N)=N)C(=O)N[C@@H](CC(C)C)C(=O)N[C@@H](CCC(O)=O)C(=O)N[C@@H](CCCNC(N)=N)C(O)=O,NA,NA
YM-155,NA,NA,NA,NA,NA,YM-155,NA,YM-155,NA,NA,YM155,CC1=[N+](C2=C(N1CCOC)C(=O)C3=CC=CC=C3C2=O)CC4=NC=CN=C4.[Br-],QBIYUDDJPRGKNJ-UHFFFAOYSA-M,11178236
YM201636,NA,NA,NA,NA,NA,NA,NA,NA,NA,NA,YM201636,Nc1ccc(cn1)C(=O)Nc1cccc(c1)-c1nc(N2CCOCC2)c2oc3ncccc3c2n1,NA,9956222
Z-LLNle-CHO,Z-LLNle-CHO,NA,NA,NA,NA,NA,NA,NA,NA,NA,Z-LLNle-CHO,CCCCC(C=O)NC(=O)C(CC(C)C)NC(=O)C(CC(C)C)NC(=O)OCC1=CC=CC=C1,RNPDUXVFGTULLP-ATTQYFOMSA-N,16760646
Zebularine,NA,NA,NA,NA,NA,NA,NA,zebularine,NA,NA,NA,C1=CN(C(=O)N=C1)C2C(C(C(O2)CO)O)O,RPQZTTQVRYEKCR-JXMHAVLCSA-N,16760709
ZG-10,NA,NA,NA,NA,NA,NA,NA,NA,NA,NA,ZG-10,NA,NA,NA
Zibotentan,NA,NA,NA,NA,NA,NA,NA,NA,NA,NA,Zibotentan,COc1nc(C)cnc1NS(=O)(=O)c1cccnc1-c1ccc(cc1)-c1nnco1,NA,9910224
ZM-447439,ZM-447439,NA,NA,ZM447439,NA,NA,NA,NA,NA,NA,ZM-447439,COC1=C(C=C2C(=C1)C(=NC=N2)NC3=CC=C(C=C3)NC(=O)C4=CC=CC=C4)OCCCN5CCOCC5,OGNYUTNQZVRGMN-UHFFFAOYSA-N,9914412
ZSTK474,NA,NA,NA,NA,NA,NA,NA,ZSTK474,NA,NA,ZSTK474,FC(F)c1nc2ccccc2n1-c1nc(nc(n1)N1CCOCC1)N1CCOCC1,NA,11647372